store,city,region,province,size,revenue,units,cost,gross_profit,promo_units,energy_units,regularBars_units,gum_units,bagpegCandy_units,isotonics_units,singleServePotato_units,takeHomePotato_units,kingBars_units,flatWater_units,psd591Ml_units
105,BROCKVILLE,ONTARIO,ON,496,984.7,470.46,590.73,393.97,210.23,72.13,38.63,29.29,13.38,20.69,18.6,7.71,17.87,56.54,39.71
117,BURLINGTON,ONTARIO,ON,875,2629.32,1131.38,1621.58,1007.74,401.46,192.77,75.04,55.85,42.15,87.62,36.44,33.46,47.44,98.42,38.73
122,BURLINGTON,ONTARIO,ON,691,2786.73,1229.46,1709.45,1077.27,450.04,240.48,93.73,64.27,29.85,105.65,47.96,19.9,45.21,130.27,47.31
123,BURLINGTON,ONTARIO,ON,763,2834.49,1257.63,1719.61,1114.88,476.83,194.21,99.44,73.25,54.15,118.19,39.67,22.1,45.33,132.77,39.87
182,DON MILLS,ONTARIO,ON,784,4118.36,1949.5,2485.83,1632.53,664.71,199.73,175.48,145.81,68.06,109.35,85.71,42.33,79.81,204.06,50.29
183,DON MILLS,ONTARIO,ON,NA,374.83,186.54,227.36,147.47,79.23,34.23,17.06,11.71,3.73,9.29,8.48,0,11.88,25.31,2.69
186,NORTH YORK,ONTARIO,ON,966,8195.26,3695.46,5069.99,3125.27,1143.33,419.19,271.58,212.42,153.9,166.37,130.79,136.79,114.5,328.63,112.38
194,NORTH YORK,ONTARIO,ON,710,1981.46,954.29,1172.38,809.08,300.87,135.87,44.12,117.69,19.37,28.46,26.21,16.58,36.54,111.79,34.85
227,ETOBICOKE,ONTARIO,ON,973,4841.67,2185.02,2995.62,1846.06,657.31,248.42,175.35,111.67,81.54,124.23,94.52,73.4,93.77,193.12,70.15
233,ETOBICOKE,ONTARIO,ON,967,5435.45,2473.71,3315.7,2119.76,868.54,319.12,187.06,156.81,73.87,142.29,116.6,46.12,89.67,323.42,73.83
236,ETOBICOKE,ONTARIO,ON,1001,5340.2,2355.35,3528.08,1812.12,735.56,377.44,181.73,150.87,67.4,141.37,88.79,37.12,75.37,267.08,68.37
248,GEORGETOWN,ONTARIO,ON,736,2575.96,1144.69,1603.54,972.43,454.08,228.44,85.85,73.98,34.4,92.94,29.13,18.96,51.9,91.9,39.73
259,GORMLEY,ONTARIO,ON,778,2361.24,1050.83,1372.06,989.18,367.48,150.37,95.79,52.13,29.9,79.02,50.96,13.88,31.75,132.08,29.85
272,GUELPH,ONTARIO,ON,949,2711.2,1138.62,1686.44,1024.76,393.96,222.31,89.27,58.98,39.02,79.23,27.15,29.63,54.44,74.56,41.02
282,HAMILTON,ONTARIO,ON,833,1724.54,759.17,1082.18,642.36,318.44,124.37,58.31,38.6,29.6,63.44,20.46,21.08,29.44,58.73,26.5
291,STONEY CREEK,ONTARIO,ON,952,2821.96,1238.08,1768.16,1053.8,428.08,209.79,93.62,55.5,38.1,71.96,46.04,33.1,50.04,77.23,33.15
333,KANATA,ONTARIO,ON,318,565.3,270.65,345.12,220.18,90.4,54.56,24.27,23.38,3.35,14.48,11.9,1.81,18.71,19.25,13.15
358,KITCHENER,ONTARIO,ON,836,5075.03,2179.21,3118.37,1956.66,790.52,413.02,155.42,136.19,81.56,149.44,61.5,50.12,98.6,196.17,87.65
367,KITCHENER,ONTARIO,ON,496,465.46,202.67,288.3,177.15,68.15,38.25,16.73,10.21,3.38,18.96,4.75,3.19,7.5,16.31,7.38
396,LONDON,ONTARIO,ON,796,2314.78,1024.58,1484.01,830.77,483.96,196.63,102.71,43.69,32.13,73.85,24.08,21.69,49.29,67.56,44.62
398,LONDON,ONTARIO,ON,609,1372.67,625.35,857.48,515.18,287.71,129.6,52.4,40.71,12.58,56.69,19.92,4.9,28.88,69.08,24.46
399,LONDON,ONTARIO,ON,948,3046.68,1365.31,1965.1,1081.58,600.4,156.37,153.9,56.4,65.1,81.92,39.38,67.1,61.69,62.17,49.5
402,LONDON,ONTARIO,ON,656,2368.65,1061.88,1504.9,863.75,494.1,187.92,101.25,52.02,31.69,93.75,30.06,21.98,44.98,82.94,42.5
409,LONDON,ONTARIO,ON,734,3210.86,1437.67,2008.04,1202.82,580.1,231.52,113.79,88.56,61.75,131.85,43.83,30.1,64.75,117.19,54.23
414,LONDON,ONTARIO,ON,542,1821.12,834.17,1157.46,663.66,410.12,184.77,72.52,66.35,16.46,64.02,19.58,13.83,35.35,69.21,37.67
438,UNIONVILLE,ONTARIO,ON,768,1676.88,766.96,1009.17,667.71,283.77,86.62,66.87,56.87,23.79,49.5,22.92,13.33,26.12,92.88,19.08
445,SCARBOROUGH,ONTARIO,ON,501,1372.87,638.5,820.63,552.25,202.38,81,62.83,50.08,10.56,29.71,23.23,11.29,16.58,84.1,17.52
446,MILTON,ONTARIO,ON,789,1956.49,874.04,1184.06,772.44,307.27,139.12,83.56,64.92,26.75,76.62,21.38,13.08,36.48,83.12,28.1
448,MILTON,ONTARIO,ON,969,4430.77,1945.56,2700.45,1730.32,685,326.69,166.12,92.38,58.1,141.12,61.62,39.56,92.44,191.73,74.96
451,MISSISSAUGA,ONTARIO,ON,881,4350.28,1980.52,2693.34,1656.94,728.87,283.54,152.02,118.37,79.48,137.92,63.62,53.25,79.52,175.75,61.6
452,MISSISSAUGA,ONTARIO,ON,884,4766.71,2183.13,2882.67,1884.04,750.69,343.42,174.29,142.62,65.6,131.08,86.58,37.65,77.42,261.79,64.44
453,MISSISSAUGA,ONTARIO,ON,560,2478.8,1102.69,1523.42,955.38,421.38,207.79,75.98,70.37,41.13,83.85,34.21,17,33.98,103.25,39.67
454,MISSISSAUGA,ONTARIO,ON,887,2441.33,1080.56,1516.95,924.38,416.42,181.33,114.6,64.77,32.27,49.23,33.1,29.42,43.9,94.79,37.15
457,MISSISSAUGA,ONTARIO,ON,379,2367.62,1273.35,1415.84,951.78,404.46,205.71,123.29,147.77,27.42,49.35,60.29,0,38,89.54,59.62
460,MISSISSAUGA,ONTARIO,ON,728,2742.16,1236.58,1676,1066.16,415.85,184.46,124.94,70.4,42.54,75.33,29.62,26.02,41.67,110.56,39.58
466,MISSISSAUGA,ONTARIO,ON,843,3797.34,1678.33,2311.43,1485.91,578.62,280.54,167.96,108.75,42.77,93.1,49.37,38.42,63.87,191.67,37.81
474,MISSISSAUGA,ONTARIO,ON,413,1344.45,652.62,832.84,511.61,302.5,125.96,61.1,36.63,17.13,46.12,31.17,3.58,17.38,71.02,27.96
475,MISSISSAUGA,ONTARIO,ON,763,2549.04,1130.87,1534.46,1014.58,358.12,156.52,100.46,72.12,44.54,69.1,34.85,24.54,34.77,118,29.9
479,MISSISSAUGA,ONTARIO,ON,759,3628.8,1654.98,2180.6,1448.2,518.08,233,121.75,99.29,38.87,109.54,73.1,17.88,55.1,183.85,56.88
480,MISSISSAUGA,ONTARIO,ON,967,4081.75,1780.35,2579.87,1501.88,748.5,311.62,161.25,101.08,76.9,111.56,47.38,52.17,78.67,125.04,55.73
481,MISSISSAUGA,ONTARIO,ON,793,3472.04,1582.44,2109.93,1362.11,542.4,241.29,133.5,102.42,47.73,93.9,49.6,23.9,60.67,154.21,39.88
496,NEPEAN,ONTARIO,ON,905,4153.75,1804.31,2577.45,1576.3,615.37,241.65,156.38,101.56,69.1,132.87,64.83,63.67,105.6,118.5,63.42
501,NEWMARKET,ONTARIO,ON,931,2733.71,1181.71,1704.14,1029.57,457.6,205.06,100.12,70.06,45.87,75.33,33.63,37.06,54.75,102.48,31.81
539,ORLEANS,ONTARIO,ON,841,3002.95,1351.46,1901.28,1101.67,571,235.08,114.35,77.6,45.25,95.6,50.25,35.15,45.4,103.96,60.4
555,OTTAWA,ONTARIO,ON,882,6264.74,2730.42,3889.55,2375.18,897.83,297.02,232.46,96.15,141.12,188,97.33,108.58,117.52,215.92,101.62
558,NEPEAN,ONTARIO,ON,815,3756.79,1659.9,2369.64,1387.15,663.98,330.63,139.54,82.06,54.69,109.92,49.38,40.33,67.27,135.15,80.52
561,OTTAWA,ONTARIO,ON,450,1143.8,583.98,702.59,441.21,247.65,93.12,63.58,40.02,7.15,27.13,25.94,7.75,34.85,49.38,28.29
562,NEPEAN,ONTARIO,ON,776,4465.6,1969.9,2763.15,1702.46,738.52,312.4,194.92,88.58,62.21,151.92,64.77,57.08,93.92,165.08,75.69
568,NEPEAN,ONTARIO,ON,765,4422.01,2005.44,2746.36,1675.65,749.38,261.04,187.67,106.27,83.35,119.62,55.06,46.23,69.88,170.75,95.06
574,OTTAWA,ONTARIO,ON,429,1445.91,726.1,893.79,552.13,323.27,88.65,99.02,67.87,16.37,32.25,25.42,13.13,39.48,62.71,33.4
575,OTTAWA,ONTARIO,ON,426,1750.95,849.29,1077.45,673.5,358.15,102.73,100.77,53.06,29.23,43.92,19.6,13.25,50.58,65.31,55.77
583,GLOUCESTER,ONTARIO,ON,941,3438.12,1550.25,2185.83,1252.28,616.46,241.31,133.12,96.04,67.17,96.31,45.83,45.52,62.38,90.21,56.52
616,PICKERING,ONTARIO,ON,808,3815.41,1708.06,2349.28,1466.13,662.13,268.54,145.54,107.5,67.88,121.81,60.85,33.31,57.13,178.23,49.98
619,PICKERING,ONTARIO,ON,479,870.27,413.54,522.67,347.6,127.48,80.96,30.19,33.81,8.5,29.15,23.1,0,7.23,35.04,19.13
632,PORT HOPE,ONTARIO,ON,962,3275.36,1404.85,2053.21,1222.16,570.33,223.38,116.73,72.77,57.83,89.15,52.13,45.38,59.12,95.5,64.75
650,ETOBICOKE,ONTARIO,ON,897,3370.91,1665.83,2066.16,1304.75,655.13,199.06,162.21,120.87,47.69,77.5,62.12,28.85,43.31,164.31,54.21
651,ETOBICOKE,ONTARIO,ON,744,2707.1,1263.54,1656.08,1051.02,519.04,201.19,102.73,99.12,25.37,85.04,37.12,14.5,46.6,151.81,47.56
655,RICHMOND HILL,ONTARIO,ON,758,2342.59,1020.9,1409.13,933.46,297.88,147.69,84.1,62.79,36.12,71.02,29.37,22.42,40.94,110.4,28.79
676,SCARBOROUGH,ONTARIO,ON,803,2629.48,1166.1,1607.61,1021.87,375.15,134.58,93.73,50.98,55.27,76.29,49.15,31.48,49.02,109.69,29.75
682,SCARBOROUGH,ONTARIO,ON,801,2411.33,1123.21,1479.77,931.56,469.85,171.94,107.46,79.42,32.4,68.71,35.27,19.77,40.98,126.88,35.6
683,SCARBOROUGH,ONTARIO,ON,727,2030.77,964.63,1221.4,809.37,345.58,135.44,87.04,69.73,31.21,60.48,34.67,12.35,41.81,106.98,30.46
687,SCARBOROUGH,ONTARIO,ON,751,3143.61,1469.69,1871.1,1272.51,492.85,197.88,117.33,104.52,26,85.58,54.9,13.58,48.19,188.54,46.98
699,SCARBOROUGH,ONTARIO,ON,742,2928.75,1405.44,1777.82,1150.93,553.19,170.21,128.29,101.9,47.44,80.48,53.75,18.46,45.29,163.38,48.06
732,ST. CATHARINES,ONTARIO,ON,814,1621.05,740.21,997.74,623.32,295.67,134.06,73.42,57.38,21.98,47.88,24.29,12.5,33.02,58.4,33.56
733,ST. CATHARINES,ONTARIO,ON,489,1072.88,521.85,649.71,423.16,225.96,95.83,61.08,47.83,11.13,31.13,16.9,8.73,21.37,45.38,19.13
735,ST. CATHARINES,ONTARIO,ON,979,3463.98,1494.12,2168.92,1295.05,593.58,318.25,111.15,83.23,47.13,109.15,37.79,32.33,65.13,109.27,53.92
741,ST THOMAS,ONTARIO,ON,702,1955.13,904.25,1229.05,726.08,445.02,146.44,89.75,64.46,21.83,72.06,23.31,19.17,51.23,73.46,38.13
769,SUDBURY,ONTARIO,ON,304,429.1,188.21,271.36,157.74,78,50.13,11.62,7.02,3.08,16.75,7.37,1.58,8.83,15.42,9.5
784,THORNHILL,ONTARIO,ON,791,3006.44,1334.13,1801.93,1204.51,440.33,156.02,121.94,99.62,52.15,93,36.29,26.38,59.44,177.94,24.98
787,VAUGHAN,ONTARIO,ON,786,2487.65,1117.38,1519.51,968.13,426.56,192.08,81.02,69.25,37.98,68.65,31.94,17.04,37.75,145.67,30.21
813,TORONTO,ONTARIO,ON,906,5101.63,2304.33,3142.57,1959.07,790.75,196.62,259.04,122.33,115.83,112.6,106.31,79.44,54.92,225.46,63.13
822,TORONTO,ONTARIO,ON,757,2383.49,1090.04,1521.45,862.04,352.33,114.12,89.25,78.19,36.88,64.87,38.67,21.1,43,148.5,34.1
823,TORONTO,ONTARIO,ON,791,5752.27,2552.25,3440.9,2311.37,826.48,326.12,164.37,211.15,96.13,183.65,68.96,51.08,84.15,347.04,76.63
829,TORONTO,ONTARIO,ON,788,4369.24,1978.52,2625.01,1744.23,671.35,253.79,150.81,151.08,57.4,137.56,72.65,44.73,64.17,264.23,67.52
830,NORTH YORK,ONTARIO,ON,517,2353.05,1107.08,1411.32,941.74,337.9,159.5,95.38,107.4,45.33,49.63,47.73,17.85,42.65,111.19,26.35
834,TORONTO,ONTARIO,ON,698,2403.59,1116.08,1434.81,968.78,377.9,128.77,86.23,87.29,31.02,56.08,35.37,17.62,40.38,158.31,31.65
857,TORONTO,ONTARIO,ON,712,2731.58,1244.67,1691.97,1039.62,506.58,204.83,109.23,92.62,30.12,84.06,29.46,28.88,34.33,128.33,43.69
872,CONCORD,ONTARIO,ON,937,3483.55,1563,2104.15,1379.4,549.29,228.92,139.56,119.42,39.46,87.25,42.94,29.79,60,187.56,31.71
911,NORTH YORK,ONTARIO,ON,746,2560.12,1234.17,1566.53,993.59,450.85,180.31,96.87,135.42,38.67,53.44,43.67,17.52,27.04,139.94,46.83
914,NORTH YORK,ONTARIO,ON,668,2671.68,1245.06,1581.96,1089.72,435.62,186.79,106.23,119.83,32.04,72.06,29.81,17.37,40.52,148.88,34.88
920,WHITBY,ONTARIO,ON,740,1697.61,789.02,1064.87,632.74,373.29,149.77,86.54,52.06,24.65,46.25,22.29,11.56,40.75,61.06,32.38
928,WIARTON,ONTARIO,ON,391,499.7,220.62,304.3,195.4,74.46,38.96,19.62,11.77,6.65,13.67,6.27,2.67,13.69,27.13,8.69
935,NORTH YORK,ONTARIO,ON,892,3386.34,1533.27,2073.72,1312.62,597.75,234.73,127.62,94.81,43.94,80.65,57.46,32.79,58.4,204.44,41.06
937,NORTH YORK,ONTARIO,ON,806,2433.02,1116.04,1469.48,963.54,411.17,133.48,97.77,79.56,32.02,62.19,36.52,19.5,44.5,165.21,31.71
941,WINDSOR,ONTARIO,ON,806,2575.7,1125.44,1626.02,949.68,425.4,142.06,79.35,56.08,46.79,80.81,26.81,29.98,51.58,86.75,52.79
959,WOODBRIDGE,ONTARIO,ON,1009,5166.15,2280.62,3092.05,2074.1,732.96,352.19,165.73,162.37,74.04,138.71,64.58,36.81,82.23,297.35,56.67
960,WOODBRIDGE,ONTARIO,ON,754,3029.19,1371.4,1843.41,1185.78,510.25,162.23,155.23,115.94,61.98,96.29,42.44,31.77,43,145.83,27.06
962,ETOBICOKE,ONTARIO,ON,455,1465.31,757.47,901.82,563.49,389.27,151.41,104.24,72.98,19.16,31.53,21.2,7.73,34.29,87.18,17.96
973,UNKNOWN,QUEBEC,UNKNOWN,482,1518.72,682.83,939.78,578.94,217.08,81.42,90.67,35.75,22,25.42,44.92,22.25,35.58,51.08,36.67
987,AJAX,ONTARIO,ON,933,2527.1,1158.83,1564.73,962.36,440.27,164.19,118.67,81.38,45.65,65.67,38,24.44,50.62,98,33.9
996,OAKVILLE,ONTARIO,ON,399,1685.91,800.44,1031.13,654.78,330.48,139.77,100.94,74.9,7.88,69.63,18.54,13.4,38.75,77.65,18.35
1004,GLOUCESTER,ONTARIO,ON,649,2802.87,1254.06,1738.47,1064.4,410.04,247.56,90.08,69.27,28.27,82.35,37.52,30.42,46.13,111.69,72.21
1308,TECUMSEH,ONTARIO,ON,693,2899.17,1242.29,1793.96,1105.21,448.21,255.63,83.12,122.17,38.27,120.08,23.1,24.73,29.04,85.75,51.77
1312,RICHMOND HILL,ONTARIO,ON,739,1517.45,697.96,918.95,598.5,270.6,94.94,62.54,61.94,19.94,46.46,22,11.02,25.38,92.12,17.65
1315,BRAMPTON,ONTARIO,ON,736,3039.26,1428.73,1878.54,1160.72,634.5,222.29,145.94,82.85,45.52,103.73,48.08,12.96,48.67,151.94,48.65
1326,BURLINGTON,ONTARIO,ON,869,3575.92,1580.94,2205.25,1370.67,591.13,275.67,117.75,114.5,47.73,125.71,59.67,34.42,74.44,143.29,43.17
1327,LONDON,ONTARIO,ON,680,2330.93,1042.12,1494.04,836.89,506.54,221.33,109.38,70.85,35.31,74.02,27.04,25.1,42.27,73.17,32.87
1328,LONDON,ONTARIO,ON,798,2391.3,1069.71,1492.34,898.95,457.77,171.58,92.6,65.75,36.21,94.77,32.65,30.17,46.6,82.58,31.46
1334,WHITBY,ONTARIO,ON,720,1884.76,852.44,1160.14,724.62,335.9,146.92,85.37,58.25,33.17,68.81,19.71,16.56,24.83,64.38,33.4
1404,SCARBOROUGH,ONTARIO,ON,867,4192.14,1855.48,2572.95,1619.19,643.9,244.35,141.4,110.25,53.02,83.23,62.77,41.42,58.96,236.67,48.21
1405,SCARBOROUGH,ONTARIO,ON,789,1744.63,809.25,1058.49,686.14,309.02,104,68.9,53.08,18.65,44.65,33.13,14.12,28.71,112.52,19.83
1427,ARTHUR,ONTARIO,ON,651,1154.33,539.98,721.25,433.07,203.9,48.52,57.04,26.04,15.21,37.69,33.31,12.17,33.56,49.44,27.6
1429,AURORA,ONTARIO,ON,838,1974.43,848.87,1199.1,775.34,268.46,118.17,68.06,42.77,30.58,69.54,34.42,23.87,37.9,93.13,24.48
1446,BARRIE,ONTARIO,ON,944,5398.27,2361.63,3393.54,2004.73,982.38,365.9,185.77,104.98,108.23,148.73,75.04,87.85,91.29,154.27,88.17
1455,NEPEAN,ONTARIO,ON,420,661.91,327.12,405.95,255.96,134.88,52.83,41.62,28.1,3.37,18.71,12.75,4.33,14.67,37.38,19.58
1470,BOLTON,ONTARIO,ON,787,2747.26,1207.56,1674.21,1073.05,412.48,194.38,102,111.85,35.94,75.79,30.17,25.79,56.54,104.62,32.13
1480,BRAMPTON,ONTARIO,ON,748,2790.29,1291.37,1717.85,1072.45,471.37,198.71,128.21,89.25,48.83,70.12,42.38,27.79,48.77,87.37,42.31
1487,BRAMPTON,ONTARIO,ON,898,4162.08,1814.67,2611.65,1550.43,697.37,324.56,152.94,110.77,74.6,109.79,49.52,44.69,72.58,145.67,45.73
1616,LONDON,ONTARIO,ON,816,2041.14,911,1278.75,762.39,380.94,148.69,85.4,60.88,32.94,69.37,26.92,26.38,34.44,75.56,30.81
2505,CALGARY,WEST,AB,360,778.29,359.37,472.99,305.3,123,70.21,20.6,23.83,6.12,17.44,13.65,4.71,16.23,45.83,21.44
2512,FORT ST. JOHN,WEST,BC,539,2596.13,1051.29,1546.95,1049.18,359.42,196.5,73.19,51.92,27.13,61,33.38,14.58,36.33,116.21,63.67
2519,QUESNEL,WEST,BC,917,4337.47,1805.85,2609.01,1728.46,611.17,273.27,123.17,83.77,48.94,116.52,67.77,39.52,67.54,150.21,87.81
2538,EDMONTON,WEST,AB,800,4207.49,1853.52,2610.6,1596.89,693.71,306.25,177.96,76.65,55.92,92.4,58.42,35.06,82.08,151.81,98.63
2542,ROCKY MOUNTAIN HOUSE,WEST,AB,843,3472.78,1368.21,2066.55,1406.23,450.46,172.19,96.12,50.06,41.85,78.87,62.35,31.65,61.17,182.4,78.1
2548,CHASE,WEST,BC,804,4226.55,1806.25,2565.22,1661.33,698.98,226.13,125.29,71.12,70.15,126.85,66.13,49.5,59.92,176.37,99.4
2552,CALGARY,WEST,AB,880,3327.09,1439.48,1995.27,1331.82,426.35,198.75,98.6,71.48,46.54,85.38,60.29,33.21,51.42,160.12,53.35
2556,MAPLE RIDGE,WEST,BC,744,2946.56,1286.69,1759.72,1186.84,505.37,201.55,96.22,74.41,35.12,95.94,34.41,20.16,57.63,121.53,53.76
2557,PORT COQUITLAM,WEST,BC,548,2568.45,1148.25,1563.99,1004.46,412.63,219.85,103.35,68.29,21.19,78.25,32.35,18.62,34.29,111.58,41.38
2560,WINFIELD,WEST,BC,627,1925.63,807.02,1134.23,791.4,283.12,119.67,37.42,29.08,17.6,63.88,17.31,13.29,30.6,122.56,31
2562,EDMONTON,WEST,AB,934,7647.52,3142.98,4780.12,2867.41,1009.96,445.35,231.42,87.56,129.29,181.33,106.31,126.08,122.88,234.23,143.79
2563,SURREY,WEST,BC,402,2188.04,1057.25,1375.59,812.45,455.25,136.83,99.83,59.73,20.98,75.37,42.56,12,64.4,83.27,61.65
2566,KAMLOOPS,WEST,BC,718,3012.13,1302.08,1846.3,1165.83,584.35,236.98,78.83,71.77,35.02,92.63,31.94,25.44,29.85,113.33,68.63
2587,VANCOUVER,WEST,BC,965,7211,3158.29,4450.82,2760.18,942.83,284.52,288.79,99.69,132.48,166.13,151.65,118.92,136.35,231.52,70.73
2591,CALGARY,WEST,AB,1038,6590.32,2724.58,3959.91,2630.41,744.52,392.46,155.67,127.42,110.08,203.13,94.38,73.67,98.04,309.98,82.79
2618,KELOWNA,WEST,BC,1021,6889.42,2935.04,4184.11,2705.31,1099.96,353.88,195.37,110.71,117.06,195.54,89.65,102.12,120.94,289.52,80.23
2619,REGINA,WEST,SK,982,6329.98,2644.83,3987.11,2342.87,884.25,349.21,181.85,93.6,72.58,145.44,98.21,102.31,106.92,197.12,125.46
2627,ABBOTSFORD,WEST,BC,498,1989.7,902.96,1226.96,762.75,364.88,144.69,92.19,45.9,29.81,38.27,26.65,15.6,48.25,64.25,37.65
2631,MISSION,WEST,BC,928,3760.47,1635.52,2306.72,1453.76,734.81,273.25,145.5,66.13,59.4,97.13,44.94,34.04,54.77,173.81,58.42
2634,WEST VANCOUVER,WEST,BC,543,1350.13,629.4,793.92,556.21,165.75,46.77,59.94,38.06,15,49.12,20.96,11.08,24.65,71.94,12.12
2639,WINNIPEG,WEST,MB,733,2341.55,1049.5,1436.26,905.29,367.73,123.9,75.54,52.46,40.96,91.77,39.62,17.54,44.5,115.31,67.67
2640,VICTORIA,WEST,BC,606,745.87,339.56,454.98,290.89,119.38,42.46,26.48,22.75,8.31,25.75,8.83,4.5,13.85,34.42,9.37
2644,SASKATOON,WEST,SK,803,4021.9,1713.9,2537.86,1484.04,652.77,238.98,113.85,86.52,31.63,116.12,48.75,43.73,65.48,126.37,112.94
2652,ST. ALBERT,WEST,AB,655,2578.6,1142.62,1564.74,1013.86,395.23,158.4,87.79,53.73,34.71,70.02,39.83,19.13,52.65,147.33,73.4
2665,CALGARY,WEST,AB,860,5291.2,2242.35,3201.91,2089.28,648.54,229.25,125.5,124.5,81.19,126.06,89.44,60.56,79.13,220.9,60.21
2667,NANOOSE BAY,WEST,BC,1003,11568.82,4997.85,6753.83,4814.99,1762.65,520.42,323.04,168.44,165.85,312.77,217.65,138.94,154.9,749.69,177.79
2669,EDMONTON,WEST,AB,944,7289.77,3119.83,4465.17,2824.6,904.81,314.88,245.06,94.48,137.06,176.92,128.4,82.21,105.4,262.06,159.77
2671,WILLIAMS LAKE,WEST,BC,656,1428.12,636.12,852.88,575.24,263.96,86.62,40.46,36.9,13.38,41.52,20.88,8.35,19,87.83,29.31
2684,SALMON ARM,WEST,BC,715,1585.36,664.9,935.79,649.56,228.58,79.98,45.12,24.73,22.04,41.6,21.96,16.06,16.85,81.88,35.19
2695,CALGARY,WEST,AB,514,5592.71,2408.4,3394.49,2198.22,753.08,435.98,180.56,146.6,94.62,124.08,81.08,44.19,81.08,225.21,108.48
2698,KAMLOOPS,WEST,BC,982,5781.89,2474.6,3520.92,2260.96,964.87,306.54,159.37,112.5,103.21,180.69,81.83,67.58,98.9,232.6,102.13
2711,CALGARY,WEST,AB,1078,8385.6,3479.12,5316.43,3069.17,1232.17,446.62,252.25,96.13,150.19,182.52,133.35,139.71,122.92,182.71,177.44
2714,EDMONTON,WEST,AB,411,2203.74,959.23,1328.4,875.34,306.9,170.21,64.58,47.65,24.42,65.75,33.21,6.23,33.98,148.37,88.9
2718,LANGLEY,WEST,BC,603,3352.27,1519.46,2106.21,1246.06,578.67,209.46,138.81,53.73,71.13,110.4,50.98,32.94,74.06,107.42,70.48
2742,EDMONTON,WEST,AB,595,2101.58,902.9,1293.95,807.62,320.48,164.71,79.77,47.48,17.29,56.19,28.12,13.6,49.5,77.92,43
2743,LAKE LOUISE,WEST,AB,1041,10915.15,4308.08,6414.21,4500.94,1251.58,382.6,356.12,85.6,222.21,238.96,194.79,218.92,199.5,456.62,121.92
2751,WINNIPEG,WEST,MB,643,2744.41,1226.54,1728.31,1016.1,424.02,142.65,97.5,62.58,28.52,70.12,35.04,40.5,35.37,88.25,76.83
2758,BURNABY,WEST,BC,578,1035.53,468.9,621.39,414.13,154.35,64.44,29.48,32.19,8.92,36.12,15.38,7.71,17.9,63.5,14.69
2780,FORT ST. JOHN,WEST,BC,875,17960.16,6605.33,10644.28,7315.88,2091.77,1221.5,384.88,160.88,210.4,446.15,316.77,185.65,257.23,780.54,277.92
2795,WINNIPEG,WEST,MB,680,1268.08,577.29,789.38,478.7,225.46,69.19,55.12,39.48,12.33,27.35,19.04,15.79,22.1,43.87,31.35
2807,RICHMOND,WEST,BC,792,2925.26,1330.63,1789.59,1135.67,520,193.92,123.17,63.79,39.27,87.9,48.5,29.38,47.5,163.85,38.88
2813,CALGARY,WEST,AB,472,759.85,342.67,452.57,307.28,103.17,47.79,24.48,22.65,9.17,15.38,10.46,3.46,10.23,47.38,22.67
2817,UNKNOWN,QUEBEC,UNKNOWN,346,469.49,232.82,293.74,175.75,82,18.71,22.53,10.12,6.35,12.06,8.24,7.71,18.94,18.88,10.35
2818,VICTORIA,WEST,BC,722,1502.2,696.38,915.34,586.86,235.46,95.13,61.75,37.65,24.31,48.79,27.73,10.69,29.06,44.88,22.4
2820,UNKNOWN,QUEBEC,UNKNOWN,885,3124,1386.83,1975.39,1148.61,423.08,264.46,88.46,45.92,41.81,97.19,51.88,16.79,33,197.23,48.75
2842,CALGARY,WEST,AB,495,841.29,396.56,509.89,331.41,146.56,46.73,36.4,30.81,12.58,19.88,14.92,6.23,10.96,52.15,19.46
2845,PRINCE GEORGE,WEST,BC,659,1622.54,726.38,1009.52,613.02,320.81,110.73,76.25,39.29,23.75,43.21,19.77,17.15,16.88,53.31,42.46
2846,SURREY,WEST,BC,961,3421.09,1518.73,2111.1,1309.99,641.42,225.77,148.5,70.02,46.67,91.77,49.23,38.02,52.56,123.27,46.27
2857,LADNER,WEST,BC,418,1151.5,522.67,707.8,443.7,190.62,51.4,54.75,33.08,17.19,27.12,13,14.17,21.92,47.79,23.87
2860,JASPER,WEST,AB,576,2985.94,1221.96,1718.56,1267.38,460.13,137.87,112.31,36.65,57.04,76.17,39.17,35.48,40.92,213.87,42.02
2879,KELOWNA,WEST,BC,1070,11155.07,4638.19,6879.04,4276.03,1843.15,704.02,302.31,126.77,173.06,329.17,124.33,147.52,165.4,415.87,188.92
2880,GRAND FORKS,WEST,BC,826,4434.7,1911.63,2699.1,1735.6,765.94,232.69,165.33,77.88,70.88,107.65,67.35,54.71,79.08,197,89.27
2889,VANCOUVER,WEST,BC,536,1472.4,657.04,870.59,601.81,178.29,63.4,49.31,49.83,42.38,31.42,13.62,20.6,23.35,72.65,20.42
2892,LOGAN LAKE,WEST,BC,764,3432.97,1484.58,2132.52,1300.45,599.75,201.12,110.46,48.1,53.63,91.35,66.77,38.13,69.73,107.69,97.98
3751,GLOUCESTER,ONTARIO,ON,673,2231.44,1011.08,1392.69,838.76,402.42,203.94,87.21,61,20.12,83.75,30.48,19.58,49.06,83.1,39.04
3827,OTTAWA,ONTARIO,ON,653,3531.26,1596.85,2221.85,1309.42,666.96,354.92,118.42,81.65,31.83,127.63,37.13,26.83,61,131.37,75.71
3872,GLOUCESTER,ONTARIO,ON,762,1724.75,793.69,1069.82,654.93,352.17,150.1,75.44,51.21,19.19,54.23,25.65,13.75,34.62,79.88,30.06
3885,OTTAWA,ONTARIO,ON,627,4324.85,2016.69,2636.47,1688.39,703.54,274.5,181.23,102.48,45.29,132.81,81.58,34.58,94.77,186.67,109.25
3919,OTTAWA,ONTARIO,ON,299,798,402.08,487.68,310.33,179.92,69.65,46.5,29.88,1.92,37.96,17.56,0,11.94,38.25,26.31
3964,KANATA,ONTARIO,ON,NA,506.3,252.37,305.88,200.42,89.96,39.73,22.21,17.9,0,24.71,14.69,2.98,10.58,27.06,10.96
4325,WESTBANK,WEST,BC,850,4945.12,2084.45,2879.19,2065.93,736.02,276.53,137.18,80.16,77.78,135.82,56.63,57.51,43.9,355.27,75.51
4732,NIAGARA-ON-THE-LAKE,ONTARIO,ON,675,2414.66,1069.71,1440.83,973.84,366.06,119.1,94.21,56.48,28.06,73.35,43.15,32.87,54.12,167.85,36.63
4774,BOWMANVILLE,ONTARIO,ON,447,1194.52,575.79,732.58,461.94,273.23,112.38,52.67,55.4,4.73,51.37,11.73,5.73,14.94,62.54,25.88
4787,OSHAWA,ONTARIO,ON,NA,393.47,205.75,255.58,137.89,125.94,44.04,34.17,16.25,0.85,19.08,9.19,0,8.85,15.17,12.87
4866,COURTICE,ONTARIO,ON,561,1116.24,534.02,700.84,415.4,300.25,136.12,53.87,53.23,11.29,40.87,7.06,5.63,14.81,35,29.67
4879,WHITBY,ONTARIO,ON,276,575.43,288.85,353.64,221.79,101.5,54.25,34.1,22.48,4.73,20.75,12.58,0,12.67,26.37,17.5
4987,ST CATHARINES,ONTARIO,ON,539,2480.71,1132.37,1547.48,933.23,482.44,204.13,107.02,65.19,29.52,71.83,36.19,23.33,57.48,103.21,38.38
5021,ST CATHARINES,ONTARIO,ON,NA,286.97,161.19,173,113.98,84.81,20.29,17.15,13.46,6.52,16.12,7.98,0,2.08,19.75,9.21
5034,ST CATHARINES,ONTARIO,ON,390,1287.95,599.92,809.44,478.51,264.71,161.15,50.48,36.96,19.37,35.06,21.83,6.6,16.29,57,20.1
5100,WELLAND,ONTARIO,ON,747,1610.89,719.77,1015.7,595.19,339.65,164,61.31,50.19,26.92,54.29,17.92,14.04,30.12,50.77,25.04
5184,MARKHAM,ONTARIO,ON,641,1392.85,651.38,854.82,538.03,266.79,90.21,78.31,37.63,17.75,39.52,28.23,10.27,30.13,61.52,18.04
5205,ORILLIA,ONTARIO,ON,821,3966.84,1789.83,2437.29,1529.56,821.46,227.54,167.88,86.4,59.67,118.62,81.44,57.75,102.12,172.37,70.33
5289,AURORA,ONTARIO,ON,NA,624.83,306.85,354.96,269.87,66.4,46.12,33.38,41.35,0.19,25.13,20.23,2.67,23.44,37.31,6.71
5326,BARRIE,ONTARIO,ON,529,1169.81,553.17,720.59,449.22,256.12,90.77,72.46,32.87,15.12,34.98,18.35,7.4,26.88,54.48,18.65
5368,BARRIE,ONTARIO,ON,555,1711.72,785.7,1051.63,660.09,336.72,149.3,65.3,39.28,19.02,59.68,29.79,11.04,44.17,82.43,28.36
5434,MISSISSAUGA,ONTARIO,ON,496,3873.35,1877.83,2319.13,1554.22,635.27,207,150.63,175.52,18.33,100.21,88.6,24.65,74.02,246.29,65.25
5463,MISSISSAUGA,ONTARIO,ON,334,297.19,166.9,187.64,109.55,80.63,14.9,25.79,32.15,2.67,6.13,6.37,0,9.21,15.83,9.56
5539,MISSISSAUGA,ONTARIO,ON,482,3226.82,1484.58,1968.83,1257.99,530.77,255.63,138.48,79.94,34.77,84.17,62.71,16.19,97.77,163.54,49.79
5618,MISSISSAUGA,ONTARIO,ON,683,2717.8,1227.06,1656.93,1060.87,456.1,190.6,133.31,77.62,38.29,77.04,41.37,23.73,54.62,105.52,39.31
5621,MISSISSAUGA,ONTARIO,ON,695,2585.97,1159.67,1577.76,1008.2,402.29,163.23,115.87,65.69,29.92,73.08,47.67,22.67,55.17,109.48,33.52
5805,BURLINGTON,ONTARIO,ON,565,3458,1616.96,2092.35,1365.65,639.94,280.48,153.88,97.25,44.54,108.35,78.46,16.88,64.62,169.33,66.56
5834,BURLINGTON,ONTARIO,ON,NA,441.37,229.98,265.21,176.16,108.63,38.15,32.96,14.69,3.12,20.04,13.33,0,4.1,29.94,9.27
5850,BURLINGTON,ONTARIO,ON,284,902.09,454.5,530.14,371.94,179.52,73.83,52.81,37.15,6.92,30.62,19.4,0.08,15.98,65.46,22.96
6178,SCARBOROUGH,ONTARIO,ON,NA,369.25,183.44,218.4,150.85,68.35,33.46,18.21,17.46,1.38,6,9.5,1.17,12.08,26.13,4.15
6273,SCARBOROUGH,ONTARIO,ON,812,4058.74,1876.21,2481.79,1576.95,751.1,333.9,145.63,107.96,48.38,124.88,70.35,28.12,84.88,220.1,57.73
6336,SCARBOROUGH,ONTARIO,ON,NA,324.91,173.54,193.44,131.47,73.17,24.63,21.29,25.75,0.85,9.56,9.75,0,8.25,24.15,1.56
6365,SCARBOROUGH,ONTARIO,ON,NA,591.79,300,352.02,239.76,110.75,50.94,30.96,28.38,1.02,14.42,18.13,1.87,16.25,33.19,3.52
6378,WILLOWDALE,ONTARIO,ON,595,2689.35,1204.13,1618.5,1070.85,407.02,165.31,105.85,91.12,33.38,57.58,35.23,26.06,43.27,169.21,31.02
6428,DOWNSVIEW,ONTARIO,ON,NA,1299.87,694.25,757.28,542.59,212.12,123.1,76.58,80.1,2.87,5.9,32.87,0.79,39.1,84.98,2
6499,TORONTO,ONTARIO,ON,835,3171.44,1447.42,1961.37,1210.07,546.4,161.29,108.37,65.1,60.25,94.9,53,40.31,65.06,144.27,47.31
6707,TORONTO,ONTARIO,ON,823,3012.28,1345.52,1903.67,1108.61,548.98,221.9,109.08,82.67,37.73,71.56,47.04,29.71,59.23,133.56,52.5
6723,TORONTO,ONTARIO,ON,408,1891.38,913.35,1175.9,715.48,350.79,181.48,118.48,77.04,16.9,33.15,33.17,6.4,3.63,110.62,33.37
7562,EMERYVILLE,ONTARIO,ON,772,3506.8,1511.58,2276.85,1229.95,682.69,296.1,110.65,84.87,50.37,153.46,33.58,45.71,78.06,82.25,66.48
7670,CAMBRIDGE,ONTARIO,ON,573,1363.71,607.17,828.06,535.65,228.69,101.42,55.79,36.1,11.1,58,22.9,7.88,30.15,61.12,26.17
7720,KITCHENER,ONTARIO,ON,NA,338.57,165.48,214.91,123.67,100.71,38.52,21.42,15.29,2.94,12.21,4.96,1.48,4.02,18.94,9.96
7825,WATERLOO,ONTARIO,ON,621,3214.45,1427.38,1980.85,1233.59,574.4,269.15,109.04,80.27,38.67,126.27,50.15,17.67,64.38,154.15,55.23
7854,WATERLOO,ONTARIO,ON,855,2710.8,1183.73,1678.4,1032.41,470.81,184.13,83.94,61.46,50.94,114.37,36.96,31.29,47.62,112.15,39.06
7904,KITCHENER,ONTARIO,ON,861,1971.89,859.98,1245.57,726.32,356.92,202.4,75.79,44.94,27.87,48.19,20.31,20.75,49.79,57.92,31.33
8156,STRATFORD,ONTARIO,ON,514,857.52,418.1,531.01,326.51,214.71,57.75,69.87,33.27,10.96,23.21,11.9,6.35,20.17,35.75,20.19
8435,LONDON,ONTARIO,ON,721,2696.82,1217.29,1696.15,1000.68,565.87,241.65,103,64.92,30.88,84.38,39.94,16.81,59.79,127.33,50.04
8451,LONDON,ONTARIO,ON,686,2184.46,961.1,1377.98,806.49,414.77,171.21,77.21,63.98,34.5,99.15,17.65,19.02,37.1,69.15,38.88
8572,CHATHAM,ONTARIO,ON,601,2451.4,1080.37,1581.65,869.75,471.81,185.54,102,53.42,31.96,67.71,27.44,28.15,52.5,51.37,77.92
8585,SARNIA,ONTARIO,ON,539,1516.96,679.1,981.42,535.54,343.54,128.81,59.92,35.6,19.23,55.62,14.31,17.62,30.15,39.98,45.15
8606,SARNIA,ONTARIO,ON,769,3074.85,1351.25,1950.36,1124.49,571.35,218.06,116.52,48.13,61.79,104.33,37.46,41.17,69.5,91.71,71.21
9632,OAKVILLE,ONTARIO,ON,509,2818.86,1298.94,1707.58,1111.28,481.65,242.5,89.65,95.08,23.88,84.85,56.6,10.44,45.9,158.9,57.23
10411,UNKNOWN,QUEBEC,UNKNOWN,1005,4039.15,1602,2599.1,1440.06,450.62,412.09,96.72,72.09,35.45,97.3,37,79.38,45.77,90.57,42.36
10451,DORCHESTER,ONTARIO,ON,791,2636.19,1153.44,1653.27,982.92,347.5,134.5,99.38,59.94,45.69,45.38,49.94,40.06,55.06,105.38,52.44
12161,L'ASSOMPTION,QUEBEC,QC,894,4858.16,2147.92,2983.46,1874.7,822.92,573.94,144.52,165.42,57.75,130.04,82.4,57.92,52.25,207.42,62.98
12177,MONTRÃ‰AL,QUEBEC,QC,861,3207.62,1456.56,1979.36,1228.26,623.08,330.35,124.94,160.56,36.9,76.38,35.35,36.38,49.13,125.29,31.19
12260,MONTRÃ‰AL,QUEBEC,QC,814,2290.57,1058.12,1385.12,905.45,373.1,184.38,96.73,79.1,28.48,55.37,43.48,28.62,37.27,92.87,24.31
12337,BÃ‰CANCOUR,QUEBEC,QC,719,3577.54,1602.23,2165.02,1412.52,615.98,333.94,111.12,132.37,46.37,103.1,54.37,39.85,44.29,177.08,87.02
12339,LAVAL,QUEBEC,QC,836,2264.47,1019.5,1393.83,870.63,412.02,298.92,75.37,88.79,20.5,52.77,28.6,18.54,31.38,95.38,23.46
12362,SAINTE-JULIE,QUEBEC,QC,759,3790.6,1724.96,2225.35,1565.26,699.08,335.27,136.13,97.69,41.08,119.96,77.46,36.02,34.77,237.98,103.42
12411,DELSON,QUEBEC,QC,731,3863.29,1678.23,2414.42,1448.87,651.38,489.27,119.31,103.56,43.98,103.65,46.71,46.02,47.63,145.9,56.12
12478,SAINT-JEAN-PORT-JOLI,QUEBEC,QC,894,8900.28,3873.46,5140.7,3759.57,1146.98,561.13,292,183.42,108.62,199.44,234.44,140.35,139.23,493.13,206.81
12524,STONEHAM-ET-TEWKESBURY,QUEBEC,QC,846,7790.94,3319.38,4505.16,3285.78,991.21,551.62,260.83,178.33,132.54,186.15,184.85,107.9,91.13,452.25,135.35
12527,QUÃ‰BEC,QUEBEC,QC,879,4228.33,1843.58,2653.18,1575.16,662.94,379.27,122.13,123.13,81.63,134.31,66.67,76.81,42.48,114.33,70.1
12636,HALIFAX,ATLANTIC,NS,676,1921.36,930.92,1199.57,721.79,409.74,138.12,75.32,60.74,51.04,71.34,42.6,20.36,24.86,79.88,40.84
12637,HALIFAX,ATLANTIC,NS,824,4096.78,2032.31,2605.5,1491.28,835.19,306.04,244,61.77,61.73,88.62,139.58,36.92,82.29,108.92,115.27
12638,FALL RIVER,ATLANTIC,NS,801,2668.84,1212.56,1636.38,1032.46,394.83,154.92,122.38,57.12,35.21,84.25,70.25,24.67,36.5,124.79,69.85
12642,BEDFORD,ATLANTIC,NS,642,1966.47,930.08,1213.33,753.14,331.48,150.23,88.33,46.46,15.19,63.71,50.29,12.85,38.27,69.29,59.83
12644,DARTMOUTH,ATLANTIC,NS,628,3102.65,1491.37,1974.87,1127.79,524.15,184.08,144.31,50.13,41.06,63,83.31,34.79,67.21,65.4,109.15
12647,DARTMOUTH,ATLANTIC,NS,924,2393.54,1070.46,1495.2,898.34,342,171.17,90.42,33.69,31.31,65.35,64.73,30.75,59.77,57.29,61.67
12685,HALIFAX,ATLANTIC,NS,896,2303.41,1044.29,1427.68,875.73,378.81,148.38,95.65,48.13,31.83,73.58,57.73,27.96,41.94,100.83,50.92
12686,STEWIACKE,ATLANTIC,NS,1041,7177.81,3211.88,4417.72,2760.09,1277.67,468.85,270.4,136.67,108.27,198.67,186.54,86.08,139.15,322.69,198.06
12687,LOWER SACKVILLE,ATLANTIC,NS,854,3088.6,1410.71,1969.05,1119.55,558.06,272.9,129.21,55.13,36.42,92.08,72.83,29.77,44.87,115.29,90.33
12690,HALIFAX,ATLANTIC,NS,991,4845.06,2217.31,3111.52,1733.54,843.71,400.42,181.04,80.88,60.87,124.62,123.33,59.02,91.65,132.71,118.65
12693,DARTMOUTH,ATLANTIC,NS,779,2591.62,1202.77,1630.48,961.13,468.48,173.65,106.12,63.56,31.71,84.67,52.48,24.29,43.17,76.1,73.9
12705,CAP-ROUGE,QUEBEC,QC,868,3177.39,1378.27,1938.08,1239.31,466.62,226.96,98.69,115.44,59.58,103.75,55.81,56.62,36.73,114.96,48.62
12710,SAINT-HUBERT,QUEBEC,QC,709,2390.79,1055.56,1459.06,931.73,351.94,234.6,91.06,64.37,27.35,58.35,31.33,23.31,29.19,101.46,33.85
12711,MONTRÃ‰AL,QUEBEC,QC,938,5558.38,2447.9,3266.43,2291.95,888.96,536.79,144,171.33,56.17,121.44,73.87,44.35,77.06,326.42,55.62
12721,MONTRÃ‰AL,QUEBEC,QC,845,3527.14,1574.96,2188.78,1338.36,649.6,481.81,103.5,99.71,29.29,89.94,58.19,22.9,43.79,143.46,55.23
12739,DOLLARD DES ORMEAUX,QUEBEC,QC,816,4295.37,2002.77,2588.02,1707.35,764.27,365.88,147.77,162.94,50.13,101.37,82.19,28.12,79.13,260.52,65.15
12762,MONTRÃ‰AL,QUEBEC,QC,872,3801.05,1718.23,2400.09,1400.96,660.92,337.81,123.71,109.63,41.63,107.54,63.27,32.83,47.67,230.75,39.35
12764,MONTRÃ‰AL,QUEBEC,QC,893,4641.79,2135.27,2736.09,1905.69,596.49,323.51,156.31,159.96,53.98,119.8,95.69,46.76,60.76,279.53,47.84
12770,GREENFIELD PARK,QUEBEC,QC,859,5483.28,2456.85,3386.81,2096.46,897.94,519.21,178.73,133.38,72.48,114.19,73.13,52.48,89.08,217.63,103.13
12771,MONTRÃ‰AL,QUEBEC,QC,846,4652.2,2084.92,2847.96,1804.24,728.17,359.02,160.94,116.17,66.56,112.87,89.73,67.15,80.38,194.71,51.06
12778,ST-LAURENT,QUEBEC,QC,346,586.98,305.83,342.44,244.54,126.21,48.69,27.75,34.1,3.83,11.38,13.4,3.37,10.94,45.1,8.75
12800,MONTRÃ‰AL,QUEBEC,QC,924,7364.15,3330.83,4306.05,3058.1,927.04,386.35,238.75,164.98,96.56,200.94,124.6,84.83,110.1,581.88,65.85
12802,MONTRÃ‰AL,QUEBEC,QC,738,4382.89,1957.37,2585.15,1797.74,590.38,299.83,157.15,115.83,75.21,123.87,78.23,49.94,77.77,232.31,50.88
12816,STE-HÃ‰LÃˆNE-DE-BAGOT,QUEBEC,QC,897,8319.57,3704.06,4898.79,3420.77,1245.29,621.33,362.54,163.37,90.88,194.12,179.46,110.4,147.31,499.08,146.94
12818,LAVAL,QUEBEC,QC,696,3698.94,1683.6,2214.84,1484.1,573.1,300.73,165.19,186.19,45.35,82.31,46.87,34.5,71.48,164.44,49.38
12841,DORVAL,QUEBEC,QC,467,1681.73,789.21,1008.2,673.53,279.77,149.6,58.75,54.9,11.13,51.83,32.4,10.02,20.44,91.13,31.06
12844,LACHINE,QUEBEC,QC,560,1486.28,715.43,877.91,608.38,227.67,170.39,55.67,57.71,1.59,34.49,34.43,5.8,33.69,78.73,18.14
12845,BOUCHERVILLE,QUEBEC,QC,882,2554.14,1126.69,1556.2,997.94,386.35,244.81,79.85,85.65,32.62,74.83,48.1,30.96,33.17,84.46,37.02
12958,MONTRÃ‰AL,QUEBEC,QC,335,1229.99,609.67,729.39,500.6,197.92,134.27,39.81,49.33,5.38,34.46,30.87,0.29,25.1,77.63,29.25
12959,SAINT-LÃ‰ONARD,QUEBEC,QC,713,2612.17,1209.79,1549.37,1062.79,387.92,203.52,97.19,93.21,24.44,69.13,43.83,25.08,41.56,157.15,42.71
12972,LONGUEUIL,QUEBEC,QC,739,2745.28,1223.1,1677.85,1067.43,474.38,290.65,80.1,97.13,25.58,68.31,34.12,30.42,28.42,136.58,46.79
12973,MONTRÃ‰AL,QUEBEC,QC,733,2778.46,1283.35,1652.35,1126.11,423.75,208.52,98.4,94.46,25.94,86.9,39.6,24.44,37.58,166.92,46.92
12975,BROSSARD,QUEBEC,QC,819,3529.55,1565.94,2125.66,1403.89,456.4,289.15,117,102.19,42.12,76.63,68.1,38.9,53.21,165.9,51.5
12977,NEUFCHATEL,QUEBEC,QC,930,4503.03,1968.35,2799.65,1703.38,775.69,481.67,126.73,157.92,77.61,147.98,61.88,55.65,41.71,137.67,79.8
12981,CHATEAUGUAY,QUEBEC,QC,916,6453.64,2813.96,3961.6,2492.03,984.12,593.81,206.02,175,64.75,163.4,100.62,92.13,83.71,243.04,88.9
12982,LAVAL,QUEBEC,QC,723,2150.73,961.04,1319.12,831.61,368.92,231.54,80.21,94.77,25.15,53.17,26.25,21.58,30.87,83.6,42.5
12987,MONTRÃ‰AL NORD,QUEBEC,QC,813,2242.64,1032.44,1373.96,868.69,400,225.5,98.35,74.56,26.35,47.4,31.37,16.98,41.37,108.58,28.71
12988,ANJOU,QUEBEC,QC,797,2073.79,945.42,1261.32,812.47,318.9,171.35,92.63,75.52,21.42,40.46,37.17,30.71,39.23,88.81,29.37
12993,SAINT-HYACINTHE,QUEBEC,QC,738,1972.74,921.12,1227.53,745.2,437.02,237.62,80.42,74.17,21.08,45.21,29.56,19.71,20.08,91.87,55.06
12994,KIRKLAND,QUEBEC,QC,557,2154.61,1013.38,1307.81,846.8,410.37,215.27,94,77.19,24,57.21,41.69,12.23,43.54,123.94,29.12
12996,ST-LAURENT,QUEBEC,QC,560,2825.81,1312.63,1679.11,1146.71,435.77,282.33,114.69,123.29,30.81,65.67,54.96,15.48,54.48,163.15,33.65
12998,MONTRÃ‰AL,QUEBEC,QC,874,5405.35,2503.69,3267.76,2137.59,829.67,445.17,187.83,151.4,63.13,129.19,89.83,51.71,81.9,288.19,62.94
13004,MONTRÃ‰AL,QUEBEC,QC,858,4062.92,1807.13,2428.77,1634.15,532.04,264.67,130.58,113.19,55.63,102.75,72.67,64.4,79.13,198.73,37.98
13005,MONTRÃ‰AL,QUEBEC,QC,684,2220.59,1025.08,1331.17,889.43,378.04,215.92,93.13,63.58,22.19,65.54,38.02,15.56,32.46,128.5,29.54
13010,MONTRÃ‰AL,QUEBEC,QC,689,2660.45,1179.79,1612.46,1047.99,417.44,237.88,85.35,91.06,28.29,71.75,34.88,25.31,46.21,133.65,27.27
13011,LAVAL,QUEBEC,QC,808,2980.45,1333.63,1843.08,1137.37,536.06,351.33,92.46,106.5,24.23,90.08,37.88,28.62,36.23,127.88,38.56
13013,DRUMMONDVILLE,QUEBEC,QC,836,2727.55,1219.42,1711.21,1016.34,559.6,315.92,101.56,88.52,31.58,72.85,32.75,29.27,39.08,96.67,57.31
13014,SAINT-LAURENT,QUEBEC,QC,352,605.69,313.77,359.92,245.77,109.17,61.25,36.85,49.52,5.71,12.44,11.69,1.25,15.29,30.81,4.5
13015,GATINEAU,QUEBEC,QC,851,3330.87,1450.87,2079.59,1251.28,549.46,265.54,117.33,87.38,38.04,70.83,50.27,51.5,56.29,104.17,60.15
13016,MONTRÃ‰AL,QUEBEC,QC,866,3754.83,1668.88,2266.72,1488.11,513.5,273.63,128.31,99,41.65,90.75,61.33,43.71,80.56,187.54,38.92
13017,MONTRÃ‰AL,QUEBEC,QC,NA,784.9,415.1,453.79,331.11,139.25,61.31,49.83,58.6,5.79,15.69,23.77,4.21,26.02,55.19,18.35
13020,MONTRÃ‰AL,QUEBEC,QC,889,5177.62,2301.46,3094.14,2083.48,732.06,389.44,157.5,153,51.96,150.29,85.73,72.69,80.15,308.83,56.17
13048,LAVAL,QUEBEC,QC,694,1958.77,898.33,1191.68,767.09,345.51,187.9,68.12,87.53,32.14,49.92,29.69,16.22,31.69,100.73,24.98
13049,LAVAL,QUEBEC,QC,670,1560.21,710.21,943.38,616.83,246.65,142.73,67,60.44,21.06,31.71,22.79,15.75,30.71,75.21,14.92
13053,MONTRÃ‰AL,QUEBEC,QC,774,3749.76,1671.77,2234.71,1515.05,518.79,330.65,105.81,110.9,24.94,113.04,58.81,28.12,63.52,213.52,47.21
13057,BOISBRIAND,QUEBEC,QC,888,7573.02,3254.73,4607.93,2965.09,1315.77,871.37,188.62,168.19,90.29,242.58,102.75,92.75,80.65,328.27,86.63
13066,SAINT-MATHIEU-DE-BELOEIL,QUEBEC,QC,742,2385.28,1064.96,1417.9,967.37,410.33,250.02,74.52,77.87,21,74.63,42.21,25.88,32.62,114.12,53.56
13068,ANCIENNE-LORETTE,QUEBEC,QC,787,1976.08,885.15,1217.77,758.31,356.08,205.44,63.73,71.83,28.23,76.71,29.81,23.98,18.94,59.88,43.81
13069,GATINEAU,QUEBEC,QC,923,4114.37,1758.17,2594.4,1519.97,697.06,445.67,102.31,115.23,53.9,111.15,37.21,55.48,59.54,133.02,71.21
13073,BOUCHERVILLE,QUEBEC,QC,882,4655.06,2013.15,2871.31,1783.74,753.33,437.94,132.6,144.27,58.48,148.87,69.92,77.12,41.29,189.69,60.58
13074,CANDIAC,QUEBEC,QC,855,4087.62,1822.44,2552.55,1535.07,739.21,411.63,140.12,109.54,45.25,102.02,73.15,53.04,73.13,135.9,66.42
13075,BOUCHERVILLE,QUEBEC,QC,816,4160.34,1840.1,2584.91,1575.43,765,417.94,123.94,151.96,60.1,144.23,49.1,57.04,38.21,172.17,60.79
13079,QUÃ‰BEC,QUEBEC,QC,807,4763.01,2089.42,2999.13,1763.88,854.25,563.02,140.83,121.6,54.31,132.46,86.6,60.33,51.44,133.44,101.15
13080,VAUDREUIL,QUEBEC,QC,698,2230.01,1000.31,1360.77,869.24,372.42,249.44,69.67,68.15,20.73,63.6,33.19,16.15,37.13,112.96,32.54
13089,LONGUEUIL,QUEBEC,QC,586,3205.79,1504.6,2020.52,1185.28,747.96,410.73,147.65,133.46,31.35,82.38,43.75,20.65,36.44,106.46,51.87
13091,LONGUEUIL,QUEBEC,QC,846,2994.05,1388.35,1817.78,1176.26,529.19,277.9,124.37,113.37,40.5,66.12,49.19,37.83,25.65,121.33,39.4
13094,ANGE GARDIEN DE ROUVILLE,QUEBEC,QC,671,3658.59,1738.52,2130.17,1528.42,784.06,315.6,168.23,219.71,63.44,79.88,66.92,33.29,44.19,238.81,64.15
13137,QUÃ‰BEC,QUEBEC,QC,938,7343.25,3293.16,4288.24,3055.01,1216.75,456.8,271.29,185.73,108.22,206.08,179.41,114.33,69.88,497,108.49
13154,LAVAL,QUEBEC,QC,770,2777.38,1251.19,1708.14,1069.24,475.4,313.96,101.85,87.08,28.94,58.85,36.46,19.27,37.94,113.81,40.08
13155,TROIS-RIVIÃˆRES,QUEBEC,QC,907,5644.02,2507.88,3464.92,2179.1,958.67,562.19,156.42,186.06,76.38,159.79,87.48,78.88,56.56,217.65,102.52
13184,GATINEAU,QUEBEC,QC,867,5719.29,2417.27,3556.41,2162.88,883.92,546.44,152.65,152.42,66.96,141.58,62.48,73.75,91.23,189.44,82.94
13185,GATINEAU,QUEBEC,QC,847,5013.17,2183.81,3140.3,1872.88,814.02,415.88,155.87,134.94,61.37,109.77,80.71,77.17,69.46,152.56,89.79
13249,MONCTON,ATLANTIC,NB,982,6480.3,2845.52,4004.49,2475.81,813.83,286.46,201.35,100.17,126.65,174.81,159.08,116.04,112.29,327.9,166.06
13303,MIRABEL,QUEBEC,QC,877,6314.35,2657.15,3795.51,2518.85,971.87,725.12,160,130.17,62.37,195.67,89,61.13,65.42,256.79,60.67
13370,VILLE MONT ROYAL,QUEBEC,QC,354,927.47,465.31,544.2,383.27,103.17,78.06,38.77,39.73,6.42,15.1,37.94,0,20.92,50.35,19.98
13377,LAVAL,QUEBEC,QC,842,2560.28,1165.81,1592.26,968.02,507.19,314.17,85.1,104.17,23.21,65.87,36.81,20.92,43.48,107.12,30.06
13388,SAINT-LÃ‰ONARD,QUEBEC,QC,811,2980.66,1345.87,1809.87,1170.79,452.62,267.87,105.88,88.56,29.9,75.5,42.69,28.37,47.12,138.85,43.56
13411,QUÃ‰BEC,QUEBEC,QC,923,2949.35,1284.79,1868.81,1080.54,563.21,365.04,84.48,97.85,38.48,81.5,40.9,40.12,27.65,88.33,49.37
13516,MONTRÃ‰AL,QUEBEC,QC,1034,5754.55,2622.08,3561.14,2193.4,986.9,392.52,253.04,169.71,73.29,107.77,78.29,85.21,111.42,289.12,75.48
13522,ST-JÃ‰RÃ”ME,QUEBEC,QC,860,6380.04,2842.58,3940.69,2439.35,1167.92,776.65,209.83,212.5,69.6,163.75,79.27,59.44,74.73,284.19,79.5
13541,SAINT-HUBERT,QUEBEC,QC,904,4527.58,1993.4,2809.79,1717.79,832.58,497.15,152.17,108.85,52.69,120.62,59.94,54.56,58.1,191.63,72.23
13761,VERDUN,QUEBEC,QC,902,3908.81,1683.58,2449.87,1458.94,586.75,291,134.31,70.27,52.31,95.23,58.85,69.06,61.83,116.08,51.81
13780,BEAUPORT,QUEBEC,QC,764,3312.44,1439.5,2066.73,1245.72,571.87,384.94,96.52,122.33,55.1,96.15,51.58,45.9,32.23,100.15,52.33
13787,REPENTIGNY,QUEBEC,QC,761,4467.42,2032.38,2758.24,1709.18,927.12,516.38,135.58,225.81,75.58,112.73,41.06,41.6,46.5,165.44,53.98
13789,MONT-TREMBLANT,QUEBEC,QC,787,2965.69,1329.46,1801.33,1164.35,604.9,327.35,95.27,115.13,37.58,80.21,42.96,41.9,39.71,135.6,42.19
13797,SAINT JOHN,ATLANTIC,NB,821,4397.61,2023.63,2813.25,1584.36,687.38,268.25,168.31,80.29,45.87,93.73,132.4,79.21,89.92,145.94,111.88
13800,DARTMOUTH,ATLANTIC,NS,766,1658.6,777.98,1051.69,606.91,328.27,141.79,79.17,45.02,22.71,49.06,39.71,16.33,30.65,50.81,48.27
13808,BROMONT,QUEBEC,QC,895,3488.4,1537.79,2073.66,1414.73,592.9,305.35,110.85,111.25,52.12,104.15,46.65,43.31,40.38,195.87,36.75
13822,VANIER,QUEBEC,QC,543,1490.5,704.1,910.68,579.82,295.9,199.58,50.23,74.92,13.6,47,27.25,7.21,16.42,72.79,28.87
13833,SHERBROOKE,QUEBEC,QC,850,3973.51,1738.92,2455.6,1517.91,671.08,370.27,138.4,118.98,39.71,120.85,60.96,52.42,54.52,151.02,78.27
13847,NORTH RIVER,ATLANTIC,PE,926,4511.06,2118.29,2830.6,1680.46,790.29,228.62,283.08,72.35,68.4,102.52,104.54,80.58,73.98,159.52,102.17
13887,GATINEAU,QUEBEC,QC,857,5399.67,2386.67,3316.07,2083.61,892.1,439.62,164.19,230.38,77.83,143.46,73.37,78.62,75.1,211.65,77.52
13900,GATINEAU,QUEBEC,QC,874,5356.23,2263,3312.98,2043.24,814.96,469.48,147.37,171.31,73.65,145.04,71.21,87.1,79.02,174.79,67.94
13903,SAINT JOHN,ATLANTIC,NB,600,2991.06,1438.62,1874.88,1116.18,522.25,214.98,101.33,89.56,30.52,93.69,70.96,25.21,49.21,130.75,101.71
13926,BEAUPORT,QUEBEC,QC,723,2428.6,1070.27,1503.57,925.03,411.81,273.56,74.38,96.42,36.98,72.6,43.02,27.35,24.58,79.04,42.4
13927,BERTHIERVILLE,QUEBEC,QC,692,2154.87,982.29,1264.09,890.78,326.83,196.79,79.69,62.15,34.92,50.56,41.23,20.37,33.38,144.48,41.96
13940,UNKNOWN,QUEBEC,UNKNOWN,556,1177.12,587.18,740.25,436.87,229.82,84.95,73.14,29.36,18.55,18.41,29.64,6.73,36.73,34.64,43.36
13950,TANTALLON,ATLANTIC,NS,693,2489.83,1189.6,1542.82,947.01,481,142.38,106.72,61.84,34.22,88.68,66.66,31.2,30,138.14,75.72
13967,REPENTIGNY,QUEBEC,QC,909,3740.24,1614.65,2330.77,1409.46,659.79,445.42,116.19,136.6,56.62,86.96,41.87,49.12,39.62,133.52,37.29
14030,ST-NICOLAS,QUEBEC,QC,898,6015.45,2648.73,3609.15,2406.29,1042.73,527.63,245.29,115.65,73.42,173.23,119.15,80.75,65.19,278.04,122.35
14035,LAVAL,QUEBEC,QC,521,4258.06,1901.06,2549.85,1708.21,816.54,491.71,102.79,158.77,50.25,136.13,74.35,23.67,61.42,203.67,66.08
14082,LONGUEUIL,QUEBEC,QC,875,2792.7,1215.62,1774.36,1018.35,536.52,303.35,91.85,66.17,28.94,65.5,28.13,33.38,35.63,74.5,42.69
14105,LACHENAIE,QUEBEC,QC,890,5795.26,2541.87,3539.31,2255.95,928.77,594,196.92,232.92,95.73,134.6,80.58,70.77,78.44,231.5,78.62
14106,MASCOUCHE,QUEBEC,QC,778,2072.49,928.54,1295.32,777.18,425.23,290.6,56.46,85.21,18.52,58.06,26.96,16.15,20.42,82.33,25.9
14108,TROIS-RIVIÃˆRES,QUEBEC,QC,895,4797.91,2161.58,2874.3,1923.61,715.38,444.73,142.69,169.85,52.83,128.73,104.19,45.71,47.08,232.44,110.85
14110,MONTRÃ‰AL,QUEBEC,QC,920,8610.81,3761.58,5165.91,3444.9,1398.79,968.5,220.85,197.08,63.85,224.08,218.81,60.77,124.96,332.98,150.06
14125,ELMSDALE,ATLANTIC,NS,778,3716.39,1742.38,2297.41,1418.98,791.77,258.87,150.83,89.31,39.13,120.63,97.35,27.69,58.71,168.33,133.69
14126,LÃ‰VIS,QUEBEC,QC,927,5530,2421.16,3256.2,2273.8,845.9,470.51,184,142.24,62.47,147.84,112.63,82.53,72.82,301.53,98.78
14136,BLAINVILLE,QUEBEC,QC,893,6654.54,2917.79,4049.45,2605.09,1002.83,548.63,198.65,318.69,106.15,193.65,78.96,102.21,53.9,272.21,64.96
14140,TERREBONNE,QUEBEC,QC,832,3851.04,1712.19,2381.49,1469.55,742.5,479.02,124,146.54,64.02,105.31,53.27,29.4,44.83,157.04,48.21
14141,MONTRÃ‰AL,QUEBEC,QC,896,3617.82,1633.31,2202.94,1414.88,601.92,345.1,127.02,132.23,36.77,93.13,63.92,29.46,51.12,168.88,42.96
14145,MIRABEL,QUEBEC,QC,874,5101.96,2224.06,3045.51,2056.45,945.85,599.73,148.37,161.77,52.44,153.5,64.92,43.04,44.58,254.85,59.5
14147,MONT-TREMBLANT,QUEBEC,QC,964,7570.37,3217,4462.85,3107.52,1174.92,565.44,207.42,215.23,104.83,221.98,104.79,117.31,88.35,457.6,88.37
14155,LAPRAIRIE,QUEBEC,QC,899,5535.09,2432.65,3401.82,2133.27,881.81,426.31,189.23,176.71,75.87,157,75.62,107.1,67.92,225.29,74.94
14161,LONGUEUIL,QUEBEC,QC,923,4503.85,2010.75,2761.7,1742.16,792.02,522.98,96.62,111.77,47.77,144.79,73.54,37.29,52.4,198.04,70.77
14177,GLOUCESTER,ONTARIO,ON,378,1682.52,830.48,1034.8,647.71,336.27,164.12,62.29,55.04,19.85,53.77,34.38,6.23,45.85,96.15,42.33
14178,OTTAWA,ONTARIO,ON,423,1682.66,781.83,1020.81,661.85,254.04,150.15,78.13,60.96,10.9,54.4,30.83,12.44,36.13,75.12,29.56
14187,BROSSARD,QUEBEC,QC,935,5508.06,2391.23,3373.79,2134.27,805.79,547.1,163.06,150.4,54.58,123.02,94.12,65.63,74.94,227.62,73.42
14192,BELOEIL,QUEBEC,QC,858,3526.76,1555.87,2169.39,1357.36,618.06,351.75,110.46,137.31,50.42,82.29,44.73,51.25,46.4,147.12,38.9
14194,REPENTIGNY,QUEBEC,QC,761,2884.96,1266.61,1768.7,1116.26,494.77,308.64,70.86,110.98,41.3,77.57,38.61,34.07,34.16,127.86,39.27
14212,OTTAWA,ONTARIO,ON,1015,7215.51,3166.75,4502.33,2713.17,1113.81,423,261.94,133.77,120.31,208.25,115.25,98.33,135.58,252.9,110.67
14229,LES CEDRES,QUEBEC,QC,906,5187.49,2252.15,3139.7,2047.79,905.79,420.88,181.54,90.9,68.6,137.5,99.96,71.83,66.17,263.6,78.4
14241,QUÃ‰BEC,QUEBEC,QC,898,4348.84,1933.67,2732.74,1616.11,826.46,490.15,153.58,146.12,57.6,115.52,63.02,48.71,45.52,138.31,71.62
16101,CAP ST-IGNACE,QUEBEC,QC,789,3434.25,1501.79,2090.72,1343.53,525.92,289.25,174.1,68.71,40.44,88.73,59.44,57.46,33.88,148.73,72.4
16103,L'ISLET,QUEBEC,QC,873,4251,1875.19,2575.85,1675.15,616.15,378.15,154.44,92.63,60.02,118.13,77.15,53.83,59.35,190.77,93.56
16105,LA POCATIÃˆRE,QUEBEC,QC,848,2341.4,1044.81,1423.29,918.11,406.48,194.98,90.27,82.75,36.48,67.71,26.02,32.65,34.81,84.29,51.81
16106,SAINT-PHILIPPE,QUEBEC,QC,822,3440.39,1585.04,2109.64,1330.76,641.23,293.96,165,89.67,42,87.04,63.25,53.31,56.21,160.21,80.23
16108,RIVIÃˆRE DU LOUP,QUEBEC,QC,836,4064.95,1893.9,2392.69,1672.26,609.67,222.67,184.71,110.46,67.87,99.27,116.56,58.21,35.92,275.13,80.13
16109,RIVIÃˆRE DU LOUP,QUEBEC,QC,920,6140.4,2704.48,3901.57,2238.84,1229.04,688.17,208.58,180.54,75.52,201.37,72.54,94.58,76.5,166.81,110.48
16110,RIVIÃˆRE DU LOUP,QUEBEC,QC,915,3828.31,1694.67,2375.62,1452.69,658.85,347.77,136.4,124.17,43.27,107.63,51.65,59.06,53.6,149.85,68.44
16111,RIVIÃˆRE-DU-LOUP,QUEBEC,QC,931,3928.19,1773.94,2456.23,1471.96,765.29,307.23,172.9,155.77,42.37,96.17,58.87,73.25,51.85,170.73,83.06
16113,TROIS-PISTOLES,QUEBEC,QC,851,3550.7,1632.65,2126.56,1424.15,587.6,253.85,133.44,118.04,44.92,96.25,64.77,50.37,49.13,203.56,77.08
16195,MARKHAM,ONTARIO,ON,322,1128.16,548.71,649.05,479.11,162.21,77.04,55.96,47.17,1.67,23.54,25.21,0.04,28.6,88.25,15.54
33294,BRAMPTON,ONTARIO,ON,871,3485.49,1561.79,2144.37,1341.11,562.92,283.94,156.13,109.77,55.56,91.73,48.79,31.06,51.38,126.12,41
33298,LONDON,ONTARIO,ON,638,1734.25,784.48,1104.73,629.51,364.25,141.19,65.37,53.58,26.46,68.9,21.58,13.5,37.37,67.02,28.87
33345,WINDSOR,ONTARIO,ON,751,2388.27,1046.25,1525.76,862.52,457.5,228.42,73,66.98,28.94,91.08,22.98,12.71,36.4,69.9,45.87
33370,MARKHAM,ONTARIO,ON,876,2828.37,1252.42,1718.55,1109.82,465.13,166.42,86.71,67.56,56.37,81.31,38.87,34.63,28.63,156.65,35.25
33410,LONDON,ONTARIO,ON,471,2110.06,984.6,1342.19,767.87,461.44,161.15,117.44,56.21,22.73,74.67,19.75,18.77,45.88,63.88,39.75
33485,LONDON,ONTARIO,ON,451,1712.64,799.54,1053.98,658.66,375.37,149.5,81.56,64.79,17.52,66.9,20.71,8.33,38.77,78.96,26.52
33486,BRAMPTON,ONTARIO,ON,739,3291.17,1505.38,2014.13,1277.04,555.35,275.42,114.17,97.63,36.54,92.27,50.33,18.9,60.52,150.17,53.25
33526,BRANTFORD,ONTARIO,ON,748,2231.25,968.94,1363.96,867.29,323.35,175.25,79.23,63,29.71,62.79,31.6,14,44.67,79.6,41.19
33542,SCARBOROUGH,ONTARIO,ON,705,2833.22,1371.04,1707.89,1125.33,522.75,141.42,134.19,79.38,50.6,88,55.31,18.83,50.56,158.21,57.4
33551,SARNIA,ONTARIO,ON,722,1405.63,632.69,879.44,526.19,278.46,116.46,49.79,44.5,19.5,53.58,13.71,13.37,21.42,51.92,32.92
33605,GUELPH,ONTARIO,ON,736,1843.02,828.52,1142.11,700.92,378.75,151.29,79.15,62.23,33.75,67.29,16.42,15.48,31.15,70.77,36.08
33629,BRAMPTON,ONTARIO,ON,546,1076.25,502.88,655.66,420.6,203.54,86.42,61.73,46.65,14.54,42.29,9.48,2.98,20.81,38.46,13.73
33633,GUELPH,ONTARIO,ON,385,825.97,400.19,523.87,302.1,210.15,80.37,41.54,36.13,7.42,41.42,10.58,4.87,14.38,37.88,19.15
33635,MISSISSAUGA,ONTARIO,ON,907,4524.11,2020.75,2808.03,1716.08,758.1,326.73,151.04,119.87,85.1,119.52,84.02,39.65,84.75,186.6,55.38
33643,KINGSTON,ONTARIO,ON,788,2959.28,1307.75,1857.05,1102.23,572.29,303.54,88.21,86.79,42.58,91.77,37.67,22.63,46.75,89.79,72.12
33646,ORLEANS,ONTARIO,ON,323,1308.51,639.96,803.73,504.78,254,130.19,58.77,49.38,6.38,39.63,28.35,5.87,32.85,66.04,38.06
33656,AJAX,ONTARIO,ON,745,1940.86,863.69,1191.64,749.22,336.15,186.08,63.52,58.87,26.94,55.63,27.25,15.5,37.04,79.71,23.79
33659,BARRIE,ONTARIO,ON,881,3680.22,1607.21,2326.34,1353.88,725.98,319.69,132.13,105.83,72.9,124.25,43.5,42.71,59.85,114.17,49.9
33728,ORLEANS,ONTARIO,ON,282,820.35,397.58,494.5,325.85,135.96,88.19,36.71,36.87,0,21.1,14.08,1.94,17.52,35.08,19.19
33738,MISSISSAUGA,ONTARIO,ON,324,720.46,376.83,427.21,293.25,143.1,52.94,46.48,41.37,2.08,24.69,18.4,0,21.73,40.65,12.73
33741,BRAMPTON,ONTARIO,ON,744,2276.45,1010.79,1400.17,876.28,361.31,174.92,88.02,66.83,33.63,64.63,29.58,15.33,50.42,72.13,24.06
33745,OTTAWA,ONTARIO,ON,452,879.02,438.19,539.36,339.66,191.44,65,54.87,43.54,10.17,22.92,11.54,3.79,22.15,47.6,19.75
33748,ETOBICOKE,ONTARIO,ON,773,3459.46,1619.58,2082.17,1377.3,657.44,191.31,172.06,144,44.12,94,58.52,30.83,43.35,208.65,51.21
33755,OAKVILLE,ONTARIO,ON,281,1014.61,499.08,602.24,412.37,165.08,81.65,43.63,51.65,3.46,38.87,20.1,3.73,26.48,52.46,19.58
33841,CAMBRIDGE,ONTARIO,ON,621,3280.68,1464.4,2003.02,1277.66,482.12,286.73,90.31,83.85,37.98,90.6,58.75,20.15,53.25,153.58,74.1
33861,BRAMPTON,ONTARIO,ON,NA,549.08,294.44,337.69,211.39,133.19,51.87,51.54,30.08,0,15.21,16.06,0,14.62,23.15,8.69
34438,NEWMARKET,ONTARIO,ON,701,2615.21,1153.79,1603.49,1011.72,398,158.88,106.19,67.4,50.25,83.52,33.75,33.5,42.5,89.04,39.33
34452,THUNDER BAY,ONTARIO,ON,668,1010.67,439.75,627.8,382.87,162.9,82.48,31.6,28.77,12.54,27.63,10.83,10.1,16.65,38.83,21.77
34462,BRAMPTON,ONTARIO,ON,776,2924.22,1322.5,1773.75,1150.47,466.58,215.02,112.81,70.13,36.31,90.27,51.1,23.35,53.4,122.27,43.65
34543,OAKVILLE,ONTARIO,ON,436,3424.64,1575.02,2069.25,1355.39,598.46,298,138.6,128.96,23.58,145.62,52.35,17.54,63.73,165.48,56.19
34572,NEPEAN,ONTARIO,ON,817,3606.43,1618.87,2223.54,1382.89,623.37,249.02,172.87,113.12,72.65,122.94,51.08,43.88,52.31,134,54.56
34587,MISSISSAUGA,ONTARIO,ON,718,3242.15,1506.69,1964.34,1277.81,543.25,236.31,150.73,102.96,37.4,126.73,59.08,16.9,42.44,153.5,46.77
34814,WELLAND,ONTARIO,ON,743,1603.82,701.67,1012.96,590.85,313.52,132.96,69.29,45.04,23.31,48.44,20.38,20.02,33.96,44.5,25.12
34816,WOODBRIDGE,ONTARIO,ON,870,3426.58,1548.17,2063.27,1363.31,561.13,213.33,131.58,164.92,46.15,97.62,43.54,28.35,51.46,190.65,23.75
34827,SUDBURY,ONTARIO,ON,604,1435.31,661,896.51,538.8,303.04,104.12,58.37,69,23.54,40.63,24.37,11.08,19.9,61.33,37.63
34828,PETERBOROUGH,ONTARIO,ON,699,2236.6,1002.37,1366.1,870.5,368.02,154.96,93.65,66.85,30.54,76.04,32.79,19.13,27.35,80.69,48.29
34829,MISSISSAUGA,ONTARIO,ON,382,657.16,329.54,395.33,261.84,136.02,47.69,41.04,27.65,6.4,18.48,14.88,5.92,16.1,33.08,11.23
34871,MARKHAM,ONTARIO,ON,848,1946.54,894.92,1174.62,771.91,335.77,108.23,80.33,60.38,23.52,48.13,40.04,19.31,25.38,110.27,22.46
34894,WHITBY,ONTARIO,ON,922,2491.93,1121.27,1546.65,945.28,468.23,170.63,132.19,69.81,40.88,76.54,36.88,30.02,41.13,94.5,40.88
35005,RICHMOND HILL,ONTARIO,ON,835,2865.48,1286.85,1734.51,1130.97,435.02,156.69,124.37,87.27,54.98,76.62,52.38,38.85,50.92,141.46,23.79
35007,BRAMPTON,ONTARIO,ON,821,3178.32,1466.83,1987.42,1190.9,580.63,238.92,165.92,105.65,65.46,75.37,51.79,27.21,59.94,99.94,45.31
35017,BRAMPTON,ONTARIO,ON,933,3309.92,1505.77,2032.94,1276.99,547.13,247,158.04,105.92,50.69,87.6,42.23,25.69,70.29,110.69,41.96
35055,ETOBICOKE,ONTARIO,ON,754,1589.96,719.37,989.51,600.46,237.08,106.94,69.29,49.56,23.19,34.06,30.56,11.37,33.08,64.23,18.38
35061,RICHMOND HILL,ONTARIO,ON,910,2853.6,1270.63,1733.59,1120.01,418.63,146.13,129.65,72.56,62.73,67.31,41.21,38.1,49.98,114.04,34.1
35073,BOWMANVILLE,ONTARIO,ON,808,2679.38,1173.16,1619.3,1060.08,485.92,204.96,102.71,65.29,50.12,88.57,29.02,22.65,55.53,81.71,57.84
35083,NEWMARKET,ONTARIO,ON,741,3647.51,1606.56,2216.92,1430.59,569.58,287.52,155.35,74.42,61.08,101.12,55.06,25,56.54,162.21,55.31
35101,WHITBY,ONTARIO,ON,856,3552.44,1542.37,2211.04,1341.4,556.23,264.85,119.12,70.33,47.27,104.69,70.83,42.13,65.65,116.9,48.31
35109,VAUGHAN,ONTARIO,ON,856,4564.46,2087.15,2772.68,1791.79,650.77,267.81,179.83,110.35,66.63,108.62,122.19,45.87,85.58,198.87,63.23
35110,SUDBURY,ONTARIO,ON,686,1481.36,655.85,926.26,555.1,279.81,113.79,47.25,60.37,21.48,39.29,21.73,14.98,21.4,58.1,42.31
35131,BARRIE,ONTARIO,ON,841,4134.09,1819.12,2578.38,1555.71,784.17,408.02,108.98,114.02,60.5,139.56,62.15,33.88,76.58,149.69,67.15
35140,BRAMPTON,ONTARIO,ON,878,3691.23,1726.12,2263.65,1427.58,642.44,296.02,166.13,134.65,50.88,105.25,62.08,25.62,79.15,141.46,44.12
35150,CUMBERLAND,ONTARIO,ON,837,2753.31,1211.75,1732.92,1020.4,460.69,252.19,89.15,69.85,44.48,81.4,39.19,31.31,41.29,84.42,55.12
35155,OSHAWA,ONTARIO,ON,930,3535.1,1543.12,2210.78,1324.31,642.1,309.06,138.42,97.6,52.27,107.17,43.5,34.63,69.12,106.52,50.69
35157,NEPEAN,ONTARIO,ON,754,2324.12,1014.02,1425.12,899,353.6,169.69,94.29,66.15,36.6,78.63,28.46,22.33,48.38,75.06,38.88
35160,OAKVILLE,ONTARIO,ON,949,2868.36,1249.87,1730.56,1137.8,399.19,202.81,105.87,97.04,41.62,84.12,41.02,29.62,56.83,119.02,32.21
35175,AJAX,ONTARIO,ON,929,3628.49,1605.87,2237.27,1391.22,619.12,262.52,148.17,88.35,54.4,114.06,46.58,34.94,61.5,151.46,49.54
35176,VAUGHAN,ONTARIO,ON,830,3012.6,1367.77,1814.18,1198.42,442.1,184.75,122.98,115.54,43.92,76.25,49.52,24.08,61.04,148.96,31.12
35177,BRAMPTON,ONTARIO,ON,904,2705.17,1274.98,1672.72,1032.45,479.04,195.27,148.31,107.77,47.02,60.98,44.75,22.56,64.13,95.81,28.79
35180,KITCHENER,ONTARIO,ON,916,3867.38,1645.08,2453.04,1414.34,683.21,392.52,127.19,102.4,68.96,104.98,42.71,41.29,66.83,100,60.54
35197,OTTAWA,ONTARIO,ON,893,4173.32,1848.33,2568.21,1605.11,678.79,275.27,159.44,99,59.5,120.67,78.06,47.65,82.6,170.54,75.04
35200,WHITBY,ONTARIO,ON,917,4634.72,2062.29,2869.4,1765.33,842.94,296.56,146.92,98.38,82.06,168.94,82.1,60.85,91.5,179.98,66.56
35203,CAMBRIDGE,ONTARIO,ON,944,4815.11,2074.37,2989.69,1825.41,774.33,453.12,164.19,135.81,63.58,133.31,62.02,52.25,94.31,154.87,62.21
35207,OAKVILLE,ONTARIO,ON,837,2628.37,1177,1597.16,1031.22,430.06,207.54,80.58,76.5,48.79,78.67,46.65,18.31,42.94,136.02,34.73
35210,MARKHAM,ONTARIO,ON,913,2778.61,1255.87,1701.05,1077.56,453.17,169.79,124.5,83.85,50.62,83.54,40.27,34.46,48.96,109.58,25.33
35212,STITTSVILLE,ONTARIO,ON,886,3525.61,1550.73,2232.06,1293.56,633.13,275.88,107.56,63.12,58.48,117.46,51.42,48.02,61.44,111.46,61.58
35218,VAUGHAN,ONTARIO,ON,802,4192.13,1829.54,2523.14,1668.99,571.69,248.71,133.9,118.75,56.21,153.12,58.77,46.88,70.33,194.31,36.15
35219,BRADFORD,ONTARIO,ON,910,5826.47,2504.02,3563.38,2263.09,870.33,489.6,194.13,120.65,83.33,171.98,83.48,46.98,72.52,258.13,69.19
35220,MISSISSAUGA,ONTARIO,ON,857,2055.2,929.33,1246.92,808.28,328.29,120.79,94.58,69.27,41.77,57.4,32.06,20.94,37.75,86.79,20.06
35224,MARKHAM,ONTARIO,ON,974,5839.86,2579.48,3579.09,2260.77,882.98,284.35,262.88,131.4,131.58,172.42,93.17,95.67,109.1,206.75,72.44
35236,AJAX,ONTARIO,ON,875,4152.9,1871.56,2557.37,1595.52,707.48,321.63,161.56,104.15,70.4,114.54,80.25,39.06,57.96,170.96,50.44
35237,GEORGETOWN,ONTARIO,ON,923,4540.65,2020.31,2777.53,1763.12,732.21,310.94,176.27,138.77,86.13,164.25,51.5,48.71,55.98,182.21,62.75
35249,OTTAWA,ONTARIO,ON,323,844.55,431.71,512.57,331.98,157.67,58.31,39.62,38.67,4.62,30.23,22.73,0,23.9,45.23,22.85
35250,VAUGHAN,ONTARIO,ON,675,2200.39,929.17,1372.03,828.36,276.22,153.33,69.17,66.44,33.67,51.17,26.78,26.17,35.83,72,22.22
35251,BRAMPTON,ONTARIO,ON,882,5264.52,2341.21,3217.6,2046.92,837.02,382.4,177.79,133.75,87.37,136.19,76.71,41.23,58.46,234.87,59.12
35252,WHITBY,ONTARIO,ON,881,3530.43,1564.75,2221.94,1308.48,582.6,300.71,109.58,91.54,58.21,105.87,59.73,34.46,66.88,115.46,47.06
35258,VAUGHAN,ONTARIO,ON,861,2604.93,1170.92,1548.02,1056.91,371.58,157.02,77.21,108.98,39.38,81.04,32.52,21.31,40.79,142.65,24.17
35262,STONEY CREEK,ONTARIO,ON,991,4670.3,1978.9,2877.32,1792.98,684.81,402.27,162.1,111.88,72.71,150.31,57.35,44.4,84.04,162.9,54.23
35268,BRAMPTON,ONTARIO,ON,954,3365.35,1509.69,2074.07,1291.28,532.77,177.85,132.92,89.77,72.23,97.9,50.62,46.1,64.12,126.77,33.44
35269,BRAMPTON,ONTARIO,ON,850,4725.14,2091.52,2851.29,1873.85,667.96,303.96,170.96,109.98,78.02,145.63,79.31,37.19,39.12,240.88,52.96
35277,PARRY SOUND,ONTARIO,ON,955,6035.56,2392.4,3736.37,2299.19,658.33,264.96,216.56,104.58,90.38,119.19,111.79,131.54,81.77,223.73,81.88
35284,NIAGARA FALLS,ONTARIO,ON,904,2260.91,992.69,1381.9,879.01,380.1,187.06,81.04,45.33,31.15,60.62,36.02,21.31,40.27,116.12,35.33
35288,MILTON,ONTARIO,ON,930,5644.71,2430.6,3460.75,2183.96,797.79,357.85,208.96,127.81,128.23,177.85,73.52,80.46,82.6,187.87,85.62
35326,KINGSTON,ONTARIO,ON,1031,10051.72,4363.65,6080.34,3971.38,1664.83,616.15,374.56,199.48,144.4,282.4,174.08,125,193.31,389.42,217.65
35344,VAUGHAN,ONTARIO,ON,788,3035.45,1387.21,1866.06,1169.39,561.87,183.19,149.65,93.46,40.96,89.75,45.63,30.27,26.17,150.71,35.44
35366,UNKNOWN,QUEBEC,UNKNOWN,971,3904.35,1710.37,2396.9,1507.45,492.65,233.96,121.42,105.02,70.79,97.29,79.19,56.56,90.92,195.69,60.33
35440,MARKHAM,ONTARIO,ON,416,1163.14,560.54,693.25,469.89,174.21,69.73,54.08,36.52,13.85,32.79,34.94,10.4,29.15,66.62,19.37
35932,MAIDSTONE,ONTARIO,ON,475,1312.07,610.38,822.19,489.88,220.25,110.21,53.88,40,5.02,48.23,30.77,5.02,32.85,52.15,35.44
36050,CALGARY,WEST,AB,349,578.9,281.02,346.21,232.68,102.23,38.25,37.83,15.02,7.54,16.25,11.21,1.29,13.21,44.19,17.38
36269,EDMONTON,WEST,AB,527,4428.31,1936.98,2709.02,1719.29,613.27,331.48,170.4,99.85,46.13,108.56,64.15,29.96,66.08,222.25,108.73
36360,REGINA,WEST,SK,1020,5965.93,2506.87,3647.25,2318.68,654.21,269.4,198.88,113.46,84.15,134.33,100.25,87.73,105.87,206.31,120.44
36379,LEDUC,WEST,AB,785,2406.42,1048.71,1459.62,946.8,352.38,156.44,89.19,52.12,32.92,63.52,43.21,19.19,29.52,109.52,53.35
36445,SPRUCE GROVE,WEST,AB,294,462.61,201.65,273.43,189.18,54.25,26.33,13.42,15.42,4.31,11,7.25,0.63,8.48,25.52,24.13
36531,EDMONTON,WEST,AB,NA,733.04,341.25,438.89,294.15,119.1,54.04,27.92,39.37,3.96,22.31,11.65,3.38,15.56,39.21,39.87
36559,MEDICINE HAT,WEST,AB,882,5236.08,2202.9,3140.33,2095.75,822.31,275.46,153.58,96.5,103.19,127.17,76.44,51.62,57.56,276.88,118.46
36599,CALGARY,WEST,AB,728,2383.19,1009.06,1433.03,950.16,352.48,169.27,60.54,65.67,24.67,84.37,24.31,14.06,33.02,132.94,32.31
36629,CALGARY,WEST,AB,314,715.56,359.27,439.56,276,183.23,63.02,36.71,32.38,3.46,19.56,9.69,1.98,13.06,41.69,30.58
36665,WETASKIWIN,WEST,AB,865,3230.5,1382.21,2007.61,1222.89,433.48,167.56,83.1,59.85,37.58,80.4,63.92,35.54,46.77,162.83,84.56
36666,CALGARY,WEST,AB,718,2907.95,1319.4,1730.86,1177.09,413.9,188.6,114.44,91.85,39.13,70.31,49.92,17.54,37.6,142.71,64.79
36718,DUGALD,WEST,MB,1119,16266.5,6515.29,9840.73,6425.77,2157.38,862.62,464.48,217.46,217.75,378.54,302.23,210,251.33,788.77,325.29
36780,WINNIPEG,WEST,MB,964,3084.01,1367.23,1945.95,1138.06,525.25,222.23,113.48,66.44,41.31,88.42,41.31,36.58,51.81,109.6,46.52
36813,REGINA,WEST,SK,958,8341.52,3384.6,5171.07,3170.45,984.69,510.75,180.83,125.52,116.83,198.27,111.25,110.88,101.37,276.46,181.69
36922,STONY PLAIN,WEST,AB,919,6549.68,2644.42,4033.08,2516.6,817.94,459.44,172.54,90.13,64.56,173.54,80.46,71.25,105.79,270.25,138.81
36997,CHILLIWACK,WEST,BC,769,2691.4,1156.9,1604.92,1086.48,467.84,143.37,77.39,52.16,49.47,63.9,36.31,29.16,36.94,180.53,45.82
37313,GRANDE PRAIRIE,WEST,AB,919,13059.53,5209.9,7823.15,5236.38,1795.42,956.9,336.04,130.25,137.17,396.17,189.67,82.62,152.08,674.71,301.75
37505,MORRIS,WEST,MB,658,4066.63,1726.98,2486.13,1580.5,695.67,210.21,147.13,54.33,66.62,139.31,71.92,56.77,84.83,124.17,79.19
37531,LANGENBURG,WEST,SK,891,5697.37,2305.62,3521.6,2175.77,823.75,312.65,158.63,80.6,70.58,151.63,83.65,77.96,103.98,153.46,149.83
37634,REGINA,WEST,SK,948,6302.88,2560.04,3901.19,2401.69,674.58,395.4,144.56,97.56,77.67,165.9,68.46,89.31,76.63,171.5,135.15
37641,KAMLOOPS,WEST,BC,967,6563.1,2776.44,4071.06,2492.04,1175.17,295.19,253.63,75.04,112.65,170.65,102.29,129.23,122.9,230.73,115.71
37668,AIRDRIE,WEST,AB,971,10706.51,4419.02,6372.54,4333.97,1653.19,693.56,271.21,165.23,186.15,259.63,159.81,111.71,171.15,536.54,221.37
37671,KELOWNA,WEST,BC,573,774.54,346.06,460.05,314.49,117.5,30.75,23.1,19.25,10.21,28.77,12.58,5.65,13.83,52.42,10.77
37679,FORT MCMURRAY,WEST,AB,838,7992.31,3143.44,4851.15,3141.17,1367.63,821.87,180.75,136.33,100.25,197.17,102.52,62.5,94.54,310.27,163.46
37764,CALGARY,WEST,AB,930,5563.95,2460.29,3440.99,2122.96,948.23,310.75,222.19,115.73,117.75,165.81,95.17,74.04,91.87,214.9,101.44
37815,MISSION,WEST,BC,880,6276.69,2709.51,3910.41,2366.29,1166,362.63,245.94,114.39,116.92,178.59,80.41,87.92,125.51,182.24,105.43
37855,CALGARY,WEST,AB,855,3854.63,1655.73,2346.32,1508.31,553.81,259.33,127.62,81.29,55.6,109.1,47.13,40.67,60.52,184.33,71.38
37856,CALGARY,WEST,AB,970,7214.7,2972.88,4467.4,2747.29,955.25,537.96,182.6,148.1,94.9,203.19,102.6,85.98,105.92,229,129.81
37891,SHERWOOD PARK,WEST,AB,728,3108.22,1357.15,1881.51,1226.71,449.38,234.52,120.77,101.71,29.69,82.6,43.6,17.15,47.58,147.79,74.15
37967,CALGARY,WEST,AB,739,2761.79,1219,1667.38,1094.4,432.31,205.42,76.96,68.21,29.63,84.48,62.12,9,35.44,114.75,71.48
37972,CALGARY,WEST,AB,979,4138.25,1795.42,2556.34,1581.92,708.94,314.75,150.96,111.77,67.67,113.52,62.23,33.02,72,183.62,67.44
37996,EDMONTON,WEST,AB,931,10036.99,4131.02,6151.06,3885.93,1260.96,692.02,200.33,155.73,111.88,236.44,154.62,92.96,163.73,479.19,211.15
38598,WINNIPEG,WEST,MB,852,2036.05,912.69,1268.21,767.83,344.54,122.96,88.46,53.56,23.58,59.79,27.73,26.42,41.38,82.33,42.44
38787,UNKNOWN,QUEBEC,UNKNOWN,537,1616.52,668.31,928,688.52,25.46,85.02,38.1,23.92,6.94,28.58,40.79,9.52,41.1,65.5,40.42
38820,EDMONTON,WEST,AB,972,5740.69,2343.19,3506.87,2233.82,763.73,436.65,140.81,93.58,67,128.31,62.12,57,99.67,276.9,121.46
38827,WINNIPEG,WEST,MB,974,4854.17,2015,2965.43,1888.73,779.6,367.21,143.98,76.94,90.42,149.37,59.56,52.92,71.37,175.19,90.88
38860,CALGARY,WEST,AB,915,4584.24,1956.56,2896.61,1687.64,833,291.33,169.58,111.31,84.08,111.25,53.08,72.15,55.04,169.67,78.6
38862,CALGARY,WEST,AB,930,6730.56,2777.5,4094.51,2636.06,844.5,461.88,186.88,116.75,116.54,185.56,112.12,66.5,128.79,299.5,103.63
38866,LANGLEY,WEST,BC,910,5698.2,2431.88,3498.42,2199.78,970.37,344.73,226.42,119.33,117.58,177.92,76.38,74.6,68.08,195.94,75.02
38869,ACHESON,WEST,AB,1031,18301.39,7237.58,10991.09,7310.31,2258.13,1229.73,491.63,211.71,210.65,397.71,319.6,158.77,285.88,815.17,364.63
38877,CALGARY,WEST,AB,948,7235.54,2967.69,4465.54,2770,862.92,384.56,243.04,126.17,170.27,157.13,100.48,109.75,110.12,186.19,146.08
38893,REGINA,WEST,SK,890,4938.69,2069.92,3001.18,1937.51,650.42,302.27,119.92,76.92,69.4,110.87,73.29,52.65,76.88,266.25,122.25
38898,EDMONTON,WEST,AB,822,3333.79,1412.54,2040.88,1292.91,479.37,242.04,116.98,75.15,44.15,103.21,46.29,31.27,52.56,146.62,50.65
38932,EDMONTON,WEST,AB,906,6303.81,2545.65,3896.33,2407.48,872.83,605.38,142.52,103.56,54.77,166.62,64.67,53.25,91.27,273.42,94.96
38937,CHESTERMERE,WEST,AB,949,7641.76,3179.85,4663.54,2978.22,1074.56,456.44,252.79,164.63,116.02,238.77,92.37,86.79,121.73,318.35,124.33
38938,EDMONTON,WEST,AB,918,5001.18,2141,3047.65,1953.53,778.38,412.83,136.56,108.48,65.96,117.4,65.83,29.94,80.02,296.15,106.21
38945,EDMONTON,WEST,AB,847,5139.88,2207.75,3177.15,1962.73,830.75,432.63,107.83,90.56,73.29,148,85.46,37.37,72.48,290.75,98.67
38952,EDMONTON,WEST,AB,924,4028.43,1682.79,2464.19,1564.25,566.81,269.38,120.12,68.65,46.25,118.44,57.88,42.58,65.87,193.04,60
38964,UNKNOWN,QUEBEC,UNKNOWN,706,3300.39,1295.58,1883.17,1417.22,48.33,206.94,64.52,31.29,15.56,108.73,74.37,11.67,52.98,132.67,75.96
38967,ALDERSYDE,WEST,AB,1046,18067.44,7263.33,10663.45,7403.98,2109.54,883.33,487.48,241.52,251.83,421.46,345,187.94,238.44,953.06,338.52
38977,CALGARY,WEST,AB,847,3662.64,1566,2240.6,1422.04,472.31,184.19,125.21,81.15,60.75,134.5,51.5,45.54,71.46,173,60.6
38983,ST. ALBERT,WEST,AB,947,7960.22,3279.48,4885.33,3074.89,1062.69,546.73,186.52,123.98,94.08,215.4,116.06,85.65,127.85,403.12,172.44
38988,EDMONTON,WEST,AB,886,4895.1,1990.27,2961.76,1933.35,532.9,363.75,101.63,86.12,61.15,153.92,49.73,44,78.29,196.63,89.65
38996,GRANDE PRAIRIE,WEST,AB,1013,21272.6,8394.42,12926.21,8346.39,3116.5,1576.27,580.94,205.5,201.15,562.46,306.63,162.37,471.19,1054.44,390.38
39023,UNKNOWN,QUEBEC,UNKNOWN,1163,7883.14,3159.31,4896.94,2986.2,1172.52,449.9,182.6,121.85,92.69,205.44,103.6,153.17,109.17,206.35,139.56
39024,CALGARY,WEST,AB,959,11827.27,4814.62,7257.39,4569.88,1525.83,828.85,379.42,188.37,201.88,329.83,160.58,138.52,143.13,390.04,170.52
39026,ROCKY VIEW,WEST,AB,848,10317.85,4316.15,6204.84,4113.01,1353.02,754.63,285.75,134.58,130.27,278.46,144.42,86.38,149.88,580.29,227.1
39038,MEDICINE HAT,WEST,AB,1017,10179.97,4142.12,6043.82,4136.15,1410.23,574.81,268.69,121.6,137.04,227.6,177.52,87.27,183.27,557.54,200.69
39097,CALGARY,WEST,AB,950,10572.94,4363.19,6479.03,4093.9,1410.12,898.62,285.17,150.98,166.25,313.48,140.62,99.65,168.96,376.65,157.17
39107,SPRUCE GROVE,WEST,AB,622,2772.45,1157.5,1762.05,1010.4,353.5,156,51.75,37.75,54,54,37.25,55.5,61.5,120.25,65
40048,LONDON,ONTARIO,ON,684,2610.81,1225,1643.88,966.93,558.65,218.52,137.52,64.63,23.58,100.31,54.75,15.56,62.54,99.15,42.71
40356,CALEDON,ONTARIO,ON,419,1289.77,602.42,780.27,509.5,241.96,83.4,64.54,26.33,17.44,40.35,31.13,16.56,21.98,75.08,11.75
43023,BURLINGTON,ONTARIO,ON,684,1983.73,886.73,1213.08,770.65,349.4,172.17,79.38,60.31,21.52,77.52,29.56,12.75,36.48,77.25,27.69
44611,CAMPBELLVILLE,ONTARIO,ON,709,5635.62,2479.02,3365.34,2270.29,825.82,329.61,240.22,103.04,65.37,177.9,144.55,53.63,136.86,254.04,112.65
44682,WATERDOWN,ONTARIO,ON,355,506.3,239.9,308.61,197.69,95.9,59,14.56,19.83,2.96,20.31,8.38,0.71,10.62,28.88,10.87
45313,BARRIE,ONTARIO,ON,893,4958.35,2201.46,3124.16,1834.19,907.98,333.79,182.4,103.19,86.12,144.62,75.5,80.63,121.83,138.9,73.15
45339,UNKNOWN,QUEBEC,UNKNOWN,642,2141.44,986.59,1304.32,837.12,411.03,171.08,92.46,50.95,18.46,82.21,38.56,18.36,45.69,111.38,31.38
47717,KITCHENER,ONTARIO,ON,882,3247.51,1400.94,2081.48,1166.04,654.62,368.67,114.9,91.46,37.81,85.94,24.81,36.6,54.33,87.96,56.52
48293,LONDON,ONTARIO,ON,349,591.14,288.79,372.68,218.46,149.31,58.94,25.58,31.35,1.29,27.13,8.81,1.69,8.46,25.94,12.42
48314,LONDON,ONTARIO,ON,680,2191.05,975.67,1419.49,771.56,473.77,226.33,89.88,53.88,25.92,80.27,24.5,18.81,36.94,60.25,39.37
48343,LONDON,ONTARIO,ON,331,608.08,288.38,362.43,245.65,89.04,39.63,28.29,24.79,5.12,16.81,12.35,4.46,10.65,23.08,19.13
48448,LONDON,ONTARIO,ON,553,2153.84,966.85,1361.34,792.5,415.88,180.54,95.02,66.5,28.77,80.1,15.37,20.38,42.58,62.54,41
48772,WINDSOR,ONTARIO,ON,415,722.54,327.08,465.41,257.13,134,72.37,27,19.42,6.13,21.54,9.08,5.42,17.81,25.23,11.12
48798,WINDSOR,ONTARIO,ON,775,2402.34,1077.42,1494.15,908.18,391.58,200.44,80.33,66.58,32.85,76.12,41.92,15.6,49.52,103.85,40.23
48877,WINDSOR,ONTARIO,ON,635,3760.8,1645.37,2334.8,1426,597.54,290.62,126.67,93.19,37.13,114.13,48.69,40.08,92.12,155.94,88.21
49708,MISSISSAUGA,ONTARIO,ON,372,1370.77,662.17,810.38,560.39,218.02,114.63,51.33,59.56,4.87,57.06,27.73,1.13,33.9,70.92,17.35
49745,DUNDAS,ONTARIO,ON,665,1371.41,636.56,835.87,535.54,261.08,93.62,68.42,34.23,14.62,46.83,19.02,11.33,28.98,73.08,23.5
49995,WHITBY,ONTARIO,ON,598,3292.34,1502.62,2024.99,1267.35,659.15,293.1,145.46,90.46,33.02,107.5,42.48,26.31,80.19,151.25,59.44
51660,OTTAWA,ONTARIO,ON,560,2696.16,1260,1599.4,1096.77,400.44,171.1,119.25,97.35,39.48,77.71,46.35,25.4,48.44,179.71,44.42
51720,WATERLOO,ONTARIO,ON,343,854.17,439.4,533.07,321.1,235.56,76.19,59.42,70.02,2.62,27.81,12.6,2.62,23.65,33.27,16.88
52212,OAKVILLE,ONTARIO,ON,NA,77.49,42.65,41.12,36.36,17.5,4.1,5.1,1.88,0,3.98,1.75,0,0,11.96,0
52224,OAKVILLE,ONTARIO,ON,866,5427.46,2394.77,3301.06,2126.4,838.69,430.06,183.83,153.69,69.02,189.65,81.54,48.1,96.73,246.48,80.73
52247,BURLINGTON,ONTARIO,ON,609,1694.96,767.81,1051.86,643.1,311.13,161.21,56.13,40.27,15.33,49.08,29.06,13.69,35.35,71.65,26.27
52257,DUNDAS,ONTARIO,ON,736,3799.55,1648.23,2248.41,1551.14,601.37,276.63,136.77,89.85,55.38,128,66.27,32.23,53.81,192.17,72.04
52603,SUTTON WEST,ONTARIO,ON,828,2064.09,974.75,1266.74,797.34,459.12,136.73,109.27,60.44,44.98,70.13,32.06,18.73,33.25,57.92,53.1
52801,LONDON,ONTARIO,ON,876,2732.99,1197.85,1744.73,988.26,521.56,186.21,105.63,62.52,44.79,93.19,29.56,53.71,58.38,72.19,40.19
53002,BRADFORD,ONTARIO,ON,922,2413.32,1057.33,1526.48,886.84,430,198.17,104.63,65.37,32.04,61.42,34.17,26.9,46.33,76.37,27.06
53616,VANIER,ONTARIO,ON,318,1066.93,546.98,654.89,412.04,226,87.35,46.48,42.08,2.04,40.46,22.48,2.81,32.19,61.46,26.06
53710,NIPIGON,ONTARIO,ON,843,3576.55,1451.48,2129.24,1447.31,428.67,150.25,103.23,46.44,53.19,83.81,70.04,62.63,70.23,131.5,82.13
54415,THUNDER BAY,ONTARIO,ON,402,2205.43,962.35,1365.41,840.02,301.17,160.13,76.33,52.62,32.46,73.17,27.79,26.5,23.96,90.96,43.67
55102,SUDBURY,ONTARIO,ON,366,1133.08,530.75,702.15,430.93,224.94,102.54,49.75,42.17,1.88,28.06,20.98,7.69,33.02,39.25,23.44
55807,MISSISSAUGA,ONTARIO,ON,805,3043.51,1340.29,1876.53,1166.98,479.31,201.54,103.4,75.71,57.98,70.54,52.17,26.15,56.98,127.04,53.87
56105,BOLTON,ONTARIO,ON,762,2864.01,1256.96,1734.83,1129.18,413.77,198.83,115.73,113.15,48.71,76.02,32.73,20.52,57.12,117.87,34.19
56533,WINDSOR,ONTARIO,ON,790,2879.86,1279,1820.52,1059.34,505.79,233.42,91.17,65.44,49.56,102.52,38.96,23.52,54.21,103.71,57.77
56715,SUDBURY,ONTARIO,ON,882,1933.02,821.73,1223.33,709.69,308.46,136,57.67,45.63,27.94,56.1,25.73,29.31,39.12,55.27,40.96
56756,NIAGARA FALLS,ONTARIO,ON,421,917.28,431.83,565.22,352.06,188.13,89.46,52.15,39.21,4.79,23.1,10.31,7.98,24.23,45.58,15.87
57213,BARRIE,ONTARIO,ON,392,1111.02,524.67,676.22,434.8,212.08,95.56,43.15,42.46,8.67,39,18.42,3.5,25.73,63.23,29.19
57613,BRAMPTON,ONTARIO,ON,832,2214.53,1019.44,1393.14,821.39,415.96,172.1,113.58,78.17,33.27,51.88,27.58,24.02,39.37,70.96,26.96
57623,MISSISSAUGA,ONTARIO,ON,753,2178.57,982,1346.97,831.61,369.83,214.19,73.71,50.62,24.27,47.38,34.06,15.63,36.73,115.35,24.4
57624,BRAMPTON,ONTARIO,ON,899,4664.92,2057.17,2883.78,1781.14,765.83,397.9,181.38,135.1,64.52,128.5,49.42,37.88,76.83,192.79,50.38
57625,MISSISSAUGA,ONTARIO,ON,776,2233.89,1014.77,1392.27,841.62,415.65,167.12,111.42,69.62,36.56,60.52,37.73,24.67,35.73,81.48,27.33
57629,RICHMOND HILL,ONTARIO,ON,894,3226.13,1435.1,1980.3,1245.83,512.35,194.79,156.27,90.4,52.96,67.98,39.38,41.08,52.42,142.4,34.27
57635,DOWNSVIEW,ONTARIO,ON,808,3356.53,1656.75,2024.17,1332.36,577.58,213.17,95.79,189.81,31.17,40.69,46.96,27.98,37.13,163.92,63.15
58627,WHITBY,ONTARIO,ON,679,4024.81,1815.13,2439.24,1585.57,726.25,353.92,171.04,118.94,51.12,119.77,54.44,26.12,67.13,222.23,64.87
58685,NORTH YORK,ONTARIO,ON,803,2031.11,909.96,1235.1,796.02,293.73,88.77,77.98,51.33,24.6,49.92,29.58,22.12,40.54,118.29,22.9
58755,BELLEVILLE,ONTARIO,ON,697,3058.77,1358.08,1832.68,1226.09,538.85,225.35,108.17,87.27,44.92,99.85,57.04,25.04,27.92,125.35,71.29
59003,TORONTO,ONTARIO,ON,1000,6789.33,3019.79,4206.43,2582.9,1075.13,265.83,261.81,133.44,121.87,192.98,111.81,111.37,118.73,343.48,98.1
59023,TORONTO,ONTARIO,ON,898,3005.4,1388.44,1862.17,1143.23,518.77,166.56,126.17,66.44,45.04,81.29,54,40.23,66.65,135.33,44.08
59041,TORONTO,ONTARIO,ON,972,7380.43,3235.06,4490.41,2890.02,965.87,358.13,219.96,183.13,130.08,206.62,135.42,90.87,138.75,376.56,76.31
59059,THORNHILL,ONTARIO,ON,962,3600.52,1597.08,2197.3,1403.21,540,211.13,148.92,109,44.35,69.83,53.96,39.12,69.15,181.19,39.65
59075,NORTH YORK,ONTARIO,ON,480,917.46,452.94,556.54,360.92,172.29,63.56,45.1,55.29,6,19.04,18.81,5.65,10.48,55.46,16.85
59111,DOWNSVIEW,ONTARIO,ON,790,2987.2,1375.85,1817.54,1169.66,517.5,159.29,122.04,124.13,43.81,63.6,37.77,39.21,41.48,164.79,48.46
59114,NORTH YORK,ONTARIO,ON,396,951.01,496.67,554.65,396.36,155.38,58.94,53.65,60.21,1.13,14.44,27.98,4.73,25.19,74.79,15.56
59120,THORNHILL,ONTARIO,ON,396,611.49,304.56,357.59,253.89,102.37,35.85,36.02,17.27,5.92,16.6,15,3.1,14.21,36.17,0.75
59124,NORTH YORK,ONTARIO,ON,833,4213.77,1931.65,2572.6,1641.17,583.33,216.67,174.12,111.65,58.56,111.96,81.29,54.31,83.12,197.67,49.6
59140,NORTH YORK,ONTARIO,ON,866,2373.38,1147.13,1486.46,886.92,499.33,157.37,108.04,128.19,24.46,37.13,35.63,27.69,32.42,114.96,43.29
59142,NORTH YORK,ONTARIO,ON,528,952.63,474.75,557.35,395.29,145.35,56.54,53.88,30.87,8.88,19.83,19.17,6.1,20.38,61.96,10.73
59160,SCARBOROUGH,ONTARIO,ON,673,1496.19,697.94,895.06,601.13,278.56,115.58,65.23,60.65,18.17,41.31,18.92,7.67,23.79,83.4,22.58
59166,ETOBICOKE,ONTARIO,ON,784,3266.78,1528.38,1996.62,1270.16,591.92,250.73,147.42,122.08,49.06,74.73,44.21,19.98,64.19,162.73,33.67
59170,DON MILLS,ONTARIO,ON,775,3067.37,1428.12,1857.17,1210.2,525.54,188.87,112,102.67,41.85,92.85,52.75,24.06,60.58,181.04,43.37
59172,SCARBOROUGH,ONTARIO,ON,811,2272.69,1031.79,1375.01,897.68,371.54,153.33,81.56,84.98,25.69,52.44,33.13,19.48,39.33,129,20.06
59177,SCARBOROUGH,ONTARIO,ON,765,3100.52,1447.98,1917.86,1182.66,576.62,181.56,136.4,79.1,52,87.31,53.71,31.37,51.83,154.06,53
59192,TORONTO,ONTARIO,ON,963,3741.75,1705.73,2330.52,1411.23,640.54,211.46,197,104.42,44.94,76,62.92,40.19,73.88,191.96,37.48
59212,SCARBOROUGH,ONTARIO,ON,985,5703.12,2519.71,3507.57,2195.55,891.92,377.77,169.21,123.77,75.65,158.1,83.17,64.17,84.1,294.69,80.48
59221,ETOBICOKE,ONTARIO,ON,518,1404.31,670.85,854.61,549.7,241.94,108.04,74.73,53.56,10.75,37.31,25.96,8.29,28.62,73.06,19.1
59222,SCARBOROUGH,ONTARIO,ON,981,6525.18,2950.69,4074.02,2451.16,1016.4,330.44,253.27,149.65,118.25,134.73,117.87,93.12,111.12,245.04,76.04
59226,ETOBICOKE,ONTARIO,ON,967,3435,1545.85,2145.54,1289.46,557.75,248.63,110.54,107.19,41.77,88.31,60.52,28.17,60.21,161.08,49.58
59256,NORTH YORK,ONTARIO,ON,746,3380.91,1556.62,2054.88,1326.04,559.54,233.1,126.42,126.17,50.65,81.5,59.15,20.23,57.71,167.02,51.04
59262,MISSISSAUGA,ONTARIO,ON,574,3431.84,1583.25,2037.99,1393.85,468.19,251.38,166,103.81,26.6,79.27,56.83,23.73,61.12,231.52,38.77
59282,GLOUCESTER,ONTARIO,ON,672,5319.99,2364.29,3194.64,2125.35,900.81,354.71,222.67,92.44,51.58,162.54,126.19,51.6,105.17,223.87,118.19
59552,NAPANEE,ONTARIO,ON,930,5052.72,2127.5,3071.39,1981.33,841.75,355.19,157.46,99.54,62.13,132.73,62.5,77.33,96.5,191.13,91.9
59647,PICKERING,ONTARIO,ON,776,2355.68,1066.79,1440.36,915.32,430.96,215.62,81.71,81.88,28.46,70.96,27.37,11.83,37.58,106,26.15
59679,SMITHVILLE,ONTARIO,ON,409,1047,450.17,648.67,398.34,199.81,135.96,20.81,26.19,7.17,42.73,7.9,3.1,28.94,44.77,11.27
60035,LONDON,ONTARIO,ON,770,2520.51,1122,1593.11,927.4,499.23,184.96,110.33,69.69,39.77,86.04,32.96,33.56,54.6,101.38,33.58
60077,CAMBRIDGE,ONTARIO,ON,406,1171.95,531.81,726.14,445.8,219.81,104.71,49.77,31.46,8.25,46.08,19.81,5.69,26.21,43.69,27.31
60293,PICKERING,ONTARIO,ON,347,2058.67,989.5,1261.47,797.2,441.06,230.67,68,105.85,8.19,75.02,29.79,14.56,43.56,104.1,36.23
60651,SCHOMBERG,ONTARIO,ON,464,1073.78,502.5,653.17,420.61,164.46,91.65,43.81,40.73,14.35,35.4,18.37,4.38,25.12,55.02,17.88
60956,MISSISSAUGA,ONTARIO,ON,402,757.27,370.15,461.63,295.64,154.9,56.73,44.9,31.56,7.87,22.38,16.52,0.04,20.69,37.96,8.31
62931,LAC DU BONNET,WEST,MB,933,3010.85,1259.02,1842.3,1168.55,516.73,159.21,118.94,47.85,34.75,90.67,46.17,34.02,58.08,92.29,70.08
63013,BRANDON,WEST,MB,792,7126.33,2963.48,4221.96,2904.37,1044.12,388.54,194.33,105.65,96.21,163.31,107.44,71.31,113.29,396.81,155.12
63116,PORTAGE LA PRAIRIE,WEST,MB,919,6272.56,2711.42,3749.03,2523.54,907.48,239.04,240.13,100.69,103.48,143.69,172.71,83.62,118.19,303.38,122.63
63370,SELKIRK,WEST,MB,775,1834.85,777.58,1145.58,689.27,269.38,130.71,53.67,32.81,21.9,57.17,17.67,16.65,30.65,62.38,48.15
63426,OAK BLUFF,WEST,MB,930,4870.05,2082.23,2932.44,1937.6,837.12,266.35,167.67,79.06,59.29,117.37,83.52,52.87,100.29,246.29,126.1
63510,BRANDON,WEST,MB,707,2576.09,1144.06,1581.82,994.27,399.96,169.17,71.9,76.67,26.5,73.33,32.31,20.56,53.5,105.19,69.52
63600,NEWMARKET,ONTARIO,ON,754,3338.11,1466.33,2033.85,1304.27,545.83,294.13,112.58,72.63,41.1,103.27,50.88,23.17,65.37,144.17,54.77
63936,WINNIPEG,WEST,MB,714,1152.99,518.83,709.06,443.93,181.48,74.42,35.75,28.62,13.73,40.87,16.42,7.58,24.92,50.83,31.54
63940,WINNIPEG,WEST,MB,975,4025.8,1710.31,2512.04,1513.77,604.77,266.1,122.25,82.58,56.23,115.88,51.29,50.77,57.37,162.08,64
63957,WINNIPEG,WEST,MB,574,1828.9,863.94,1137.19,691.71,328.54,132.88,63.54,52.56,16.73,54.85,28.23,9.29,27.15,94.79,54.29
63966,WINNIPEG,WEST,MB,955,2795.8,1145.21,1711.25,1084.55,417.63,166.35,77,44.17,38.13,70.33,35.65,46.5,44.63,96.48,51.25
63982,WINNIPEG,WEST,MB,987,2299.8,1015.54,1425.48,874.32,344.35,149.63,68.35,61.6,40.15,52.98,26.69,27.04,33.67,85.94,48.63
63994,WINNIPEG,WEST,MB,974,2783.95,1196.06,1740.85,1043.1,391.73,164.06,82.15,78.42,37.52,75.37,36.56,33.27,45.33,107.29,47.92
63995,WINNIPEG,WEST,MB,961,2752.23,1166.37,1737.07,1015.16,431.52,176,80.94,53.06,30.02,69.08,36.83,30.6,40.98,107.33,63.75
63999,WINNIPEG,WEST,MB,954,2595.79,1094.46,1611,984.79,366.54,168.02,79.19,64.38,30.23,67.6,35.21,29.17,38.6,97.08,54.92
65003,KANATA,ONTARIO,ON,749,3685.67,1650.75,2290.21,1395.46,639.65,320.69,142.12,71.52,29.87,123.37,67.52,30.48,80.85,159.35,70.83
65004,OTTAWA,ONTARIO,ON,850,R,1796.31,2561.03,1527.53,699.31,332.23,137.02,90.17,48.35,167.44,55.35,41.6,78.4,161.25,65.13
65005,WATERLOO,ONTARIO,ON,803,2302.31,1009.81,1435.72,866.58,402.81,180.27,80.79,52.96,41.31,78.9,27.15,20.21,47.31,87.19,41.77
65007,BRAMPTON,ONTARIO,ON,803,2699.86,1217.5,1646.12,1053.74,454.19,217.96,97.54,90.1,38.12,90.96,37.48,21.5,52.56,120.42,38.27
65008,RICHMOND HILL,ONTARIO,ON,944,2619.45,1179.65,1562.04,1057.41,399.12,161.08,100.56,73.33,40.71,71.25,42.38,25.77,45.37,149.73,23.75
65010,OTTAWA,ONTARIO,ON,850,5812.54,2602.63,3650.57,2161.97,1075.06,430.15,250.12,123.42,94.17,157.69,90.58,80.08,130.13,224.31,107.79
65013,OAKVILLE,ONTARIO,ON,832,1751.23,770.42,1061.92,689.31,274.85,128.13,60.4,45.62,25.67,60.31,29.19,13.81,31.9,82.35,23.23
65014,MISSISSAUGA,ONTARIO,ON,806,2998.01,1299.21,1838.68,1159.34,460.48,220.65,123.67,77.25,37.02,80.42,40.15,33.63,59.19,131.23,27.73
65015,OTTAWA,ONTARIO,ON,766,2884.75,1313.5,1793.59,1091.16,512.25,192.27,139.69,77.73,46.31,91.35,50.17,36.29,54.37,119.73,48.25
65016,NEWMARKET,ONTARIO,ON,761,2524.77,1131.27,1546.88,977.89,398.83,178.38,96.79,68.62,34.46,77.17,53.94,19.81,52.04,105.65,37.5
65019,KITCHENER,ONTARIO,ON,795,5956.65,2494.6,3745.09,2211.55,983.15,549.37,163.58,126.81,95.73,196.48,69.29,71.58,88.29,234.08,87.73
65021,MISSISSAUGA,ONTARIO,ON,775,4749.3,2162.35,2887.15,1862.15,790.62,310.1,222.79,135.87,80.6,122.58,67.92,46.94,96.25,238.81,56.65
65025,OTTAWA,ONTARIO,ON,785,3224.67,1425.65,2003.64,1221.03,490.4,258.98,111.37,66.38,37.42,89.88,57.58,33,66.79,129.96,69.29
65026,CORNWALL,ONTARIO,ON,794,3864.11,1689.48,2284.53,1579.57,646.58,259.83,126.71,80.69,62.15,104.52,71.75,44.87,81.17,210.9,85.37
65027,WATERLOO,ONTARIO,ON,755,4228.27,1841.12,2665.89,1562.38,782.29,369.63,106.38,97.83,55.77,155.83,50.75,33.54,57.42,141.77,83.27
65028,KESWICK,ONTARIO,ON,810,4784.06,2089.15,3049.51,1734.55,931.62,430.69,160.29,103.79,53.29,143.81,64.25,62.69,90.35,165.37,80.71
65029,MARKHAM,ONTARIO,ON,773,1754.73,812.5,1057.1,697.64,280.23,112.19,85.87,38.85,21.48,54.71,36.98,15.85,37.06,83,20.96
65036,WHITBY,ONTARIO,ON,793,3023.12,1355.31,1883.06,1140.07,569.56,225.35,130.38,92.27,48.58,92.17,43.04,31.67,56.44,102.37,44.38
65037,BELLEVILLE,ONTARIO,ON,807,8629.28,3773.1,5379.56,3249.73,1508.08,748.38,296.25,202.87,159.35,259.69,141.94,71.31,157.04,248.4,203.13
65038,AJAX,ONTARIO,ON,784,3623.13,1648.17,2233.19,1389.94,632.65,299.98,138.15,103.98,62.65,100.58,58.65,28.69,59.35,166.04,47.13
65041,THORNHILL,ONTARIO,ON,787,3350.08,1543.56,2036.53,1313.55,570.92,174.12,150.58,133.87,78.37,92.42,53.35,34.37,60.17,160.92,32.33
65042,OTTAWA,ONTARIO,ON,800,3402.78,1544.79,2091.14,1311.64,570.02,244.19,137.4,83.17,43.25,103.62,60.52,29.38,65.46,142.44,65.02
65043,BRAMPTON,ONTARIO,ON,766,2880.52,1432.6,1841.65,1038.88,768.87,256.77,270.71,121.87,60,70.38,33.25,16.69,54.17,94.54,37.96
65044,STITTSVILLE,ONTARIO,ON,811,3165.65,1393.4,1976,1189.65,546.96,301.46,100.75,76.33,40.81,114.62,50.83,28.35,55.96,109.71,58.98
65045,THORNHILL,ONTARIO,ON,773,4093.49,1864.96,2522.4,1571.09,762.6,265.52,180.88,155.73,69.31,111.19,61.94,37.6,82,200.42,40.04
65046,KINGSTON,ONTARIO,ON,693,4037.04,1823.67,2491.54,1545.49,777.29,333.42,147.77,112.69,44.65,125.83,63.54,35.79,73.83,182.31,96.56
65047,THORNHILL,ONTARIO,ON,816,2766.28,1256.48,1678.97,1087.3,444.23,146.29,118.81,77.81,41.31,70.13,47.08,24.23,52.54,146.31,32.4
65048,OTTAWA,ONTARIO,ON,765,4311.01,1868.94,2705.6,1605.41,759.69,417.5,165.75,89.52,56.04,152.06,55.38,38.4,89.04,146.02,68.48
65050,RICHMOND HILL,ONTARIO,ON,825,2903.95,1305.48,1786.08,1117.87,494.02,211.54,108.73,92.15,45.04,65.21,42.17,27.69,44.42,151.77,30.08
65051,TRENTON,ONTARIO,ON,351,1903.81,890.79,1191.98,711.84,408.12,207.73,64.13,71.67,9.25,69.5,33.02,9.23,26.71,88.27,42.21
65052,GUELPH,ONTARIO,ON,760,1995.71,877.96,1269.68,726.03,400.87,199.44,78.06,45.42,25.35,60.27,24.79,18.37,36.31,56.13,31.31
65053,MARKHAM,ONTARIO,ON,788,2276.99,1050.37,1405.56,871.43,427.94,142.63,106.98,52.42,37.79,68.15,45.52,27.96,42.92,97.58,29.15
65054,KANATA,ONTARIO,ON,841,3024.63,1302.42,1895.96,1128.66,490.83,259.46,101.42,63.33,41.9,86.08,45.65,35.98,71.46,94.77,47.35
65056,NIAGARA FALLS,ONTARIO,ON,775,3337.21,1474.35,2055.49,1281.72,580.67,281.08,131.54,78.81,57.48,120.52,42.85,24.56,64.77,139.71,56.65
65069,CONCORD,ONTARIO,ON,774,3587.13,1666.25,2173.91,1413.22,626.23,290.23,136.08,143.75,51.73,86.4,59.87,24,61.75,196.17,46.37
65070,KINGSTON,ONTARIO,ON,754,2065.21,942.9,1319.07,746.13,452.65,157.46,88.88,57.02,36.81,54.58,29.04,27.23,47.35,56.69,54.04
65073,WINDSOR,ONTARIO,ON,735,1485.87,667,937.18,548.7,279.02,159.56,55.08,39.9,19.73,43.79,22.94,8.58,25.63,55.02,31.06
65076,KITCHENER,ONTARIO,ON,835,3394.84,1487.44,2152.53,1242.31,669.02,360.06,125.23,77.92,45.02,95.19,40.15,30.9,60.35,101.62,62.27
65077,WOODSTOCK,ONTARIO,ON,779,3772.52,1650.77,2385.8,1386.72,761.44,440.56,139.85,78.44,53.54,106.04,46.19,26.83,66.08,138.58,70.19
65078,COBOURG,ONTARIO,ON,807,4456.24,1977.92,2669.93,1786.3,809.81,312.15,182.21,94.4,78.63,119.23,81.33,47.04,79.31,185.02,83.58
65095,BURLINGTON,ONTARIO,ON,714,2369.5,1071.42,1448.66,920.84,416.44,200.88,79.81,65,31.88,89.63,41.48,16.21,43.42,107.27,35.27
65097,BRAMPTON,ONTARIO,ON,770,5159.08,2345.65,3193.21,1965.87,913.81,485.12,223.96,153.56,81.06,145.56,68.69,32,107.92,243.96,45.17
65200,LONDON,ONTARIO,ON,798,3077.22,1362.04,1950.85,1126.37,601.87,208.98,122.4,76.58,46.87,143.6,38.08,41.69,53.02,107.77,47.56
65208,ST. THOMAS,ONTARIO,ON,800,4264.47,1831.17,2686.19,1578.28,721.92,365.92,143.92,107.23,64.98,134.19,50.27,55.1,95.15,117.46,77.38
65210,THORNTON,ONTARIO,ON,489,2324.97,1076.13,1355.2,969.77,445.13,178.88,127.98,77.42,25.21,75.94,38.67,28.98,55.48,102.92,39.02
65212,TORONTO,ONTARIO,ON,816,3154.09,1422.15,1931.85,1222.24,533.5,208.98,133.08,116,47.17,68.71,42.46,32.71,76.44,158.83,34.04
65214,HAVELOCK,ONTARIO,ON,407,1425.46,626.92,851.16,574.3,249.38,96.87,48.52,38.12,12.52,43.46,25.58,10.87,29.37,68.81,24.98
65215,ACTON,ONTARIO,ON,394,1061.69,493.44,628.51,433.18,174.1,80.29,50.71,33.56,10.65,54.69,15.46,0,33.83,46.73,27.98
65218,VAUGHAN,ONTARIO,ON,771,1815.32,830.63,1080.01,735.31,287.13,109.29,78.1,84.04,27.58,52.15,26.4,13.08,30.79,105.29,13.42
65231,INGERSOLL,ONTARIO,ON,410,1875.4,848.19,1146.23,729.16,312.38,158.83,65.81,64.13,14.04,65.71,33.25,9.17,40.29,75.35,31.6
65234,OWEN SOUND,ONTARIO,ON,372,637.88,286.08,398.66,239.22,125.4,62.19,17.81,17.56,5.73,28.15,7.62,2.52,18.77,28.06,14.87
65235,HORNBY,ONTARIO,ON,441,1065.67,489.52,630.37,435.31,147.04,69.35,42.79,24.5,12,37.06,23.88,7.38,38,52.27,26.69
65236,BROCKVILLE,ONTARIO,ON,789,4382.16,1937.63,2678.42,1703.74,912.92,423.96,153.29,85.35,74.77,104.98,64.15,35.58,72.87,186.85,112.98
65239,HAMILTON,ONTARIO,ON,855,4406,1886.87,2695.69,1710.32,786.94,290.56,144.77,91.67,60.77,126.42,79.52,64.56,107.19,161.62,74.27
65240,BEAVERTON,ONTARIO,ON,532,2519.86,1143.96,1542.33,977.53,481.73,181.27,104.4,67.56,43.25,62.56,49.48,23.5,53.87,126.25,63.08
67800,MARKHAM,ONTARIO,ON,907,1858.17,838.1,1132.37,725.81,269.52,96.54,73.96,48.79,27.79,46.48,33.62,26.52,31.71,78.73,18.69
68064,WEST VANCOUVER,WEST,BC,546,977.15,459.54,575.96,401.19,135.27,41.25,50.15,33.15,9.38,27.9,13.38,5.94,13.19,64.35,12.54
68068,SURREY,WEST,BC,380,573.27,290.69,356.81,216.45,131.77,50.98,34.88,26.98,3.65,16.65,10.63,0.83,6.96,26,20.13
68079,KELOWNA,WEST,BC,953,4428.96,1924.31,2751.75,1677.21,859.35,274.52,147.58,65.87,69.96,126.94,46.75,57.44,77.19,151.69,81.54
68126,RICHMOND,WEST,BC,917,7001.15,3191.27,4001.05,3000.1,906.1,259.67,283.12,183.73,97.85,132.17,156.88,56.6,108.21,552.54,66.06
68131,KAMLOOPS,WEST,BC,1034,18169.86,7313.69,10652.33,7517.53,2491.17,933.96,467.31,240.75,277.52,417.19,309.25,212.81,314.37,912.13,295.1
68132,SURREY,WEST,BC,736,2307.53,1012.71,1392.03,915.5,409.37,183.27,77.67,61.12,30.62,70.6,23.21,12.13,30.08,104.08,31.25
68254,MERRITT,WEST,BC,771,2468.41,1073.35,1469.01,999.4,425.73,114.65,93.25,38.25,34.37,73.13,40.75,24.79,14.67,152.23,57.02
68262,MAPLE RIDGE,WEST,BC,757,2042.89,882.23,1228.96,813.93,378.13,166.81,65.52,59.6,23.21,69.92,16.52,11.92,25.63,85.19,30.17
68285,PEMBERTON,WEST,BC,981,9386.74,3848.04,5637.58,3749.16,1562.63,352.98,282.21,125.4,188.48,253.58,130.25,152,156.37,491.77,82.42
68287,KELOWNA,WEST,BC,949,7877.63,3310.98,4774.44,3103.2,1277.13,478.21,175.42,143.33,145.44,267.37,77.73,109.13,96.08,319.13,102.69
68288,KAMLOOPS,WEST,BC,880,4516.81,1888.37,2732.32,1784.49,719.58,297.46,120.4,76.56,63.33,124.48,52.37,57.19,62.69,220.94,78.88
68295,ABBOTSFORD,WEST,BC,899,3678.11,1631.25,2248.7,1429.41,692.02,207.63,193.81,70.83,102.1,106.42,43.88,45.06,72.75,119.31,45.69
69061,GIBSONS,WEST,BC,1007,6127.6,2530.25,3720.1,2407.51,896.4,251,228.81,96.06,131.52,174.38,71.69,84.98,129.65,158.83,87.35
69820,COQUITLAM,WEST,BC,1057,4679.46,2027.08,2892.79,1786.67,651.12,255.17,161.77,79.96,100.73,139.35,65.75,65.9,76.54,173,46.83
69830,ABBOTSFORD,WEST,BC,925,9705.24,4114.48,5884.91,3820.33,1791.1,601,245.96,166.04,204.37,280.75,142.04,100.42,143.42,580.5,120.67
69843,COQUITLAM,WEST,BC,761,4848.31,2096.75,2999.49,1848.82,712.98,342.65,144.65,76.73,59.1,167.29,84.13,30.54,80.4,162.15,79.35
69849,SURREY,WEST,BC,963,4181.2,1853.8,2540.2,1641,720.2,243.22,163.41,83.25,96.33,129.65,54.65,51.1,74.2,147.31,63.63
69874,PEACHLAND,WEST,BC,943,6498.34,2723.73,3858.05,2640.29,934.21,306.83,156.48,89.06,108.77,175.56,85.62,79.13,116.25,368.4,78.65
69903,VICTORIA,WEST,BC,593,1337.7,605.21,814.99,522.7,196.19,86.04,43.79,37.37,17.58,43.58,16.85,11.08,27.83,59.06,23.33
69910,ABBOTSFORD,WEST,BC,854,3528.13,1553.6,2126.76,1401.37,599.33,194.88,144.65,61.83,73.04,97.13,62.31,45.21,50.17,160.35,51.92
69916,VERNON,WEST,BC,856,4906.96,2080.46,2999.5,1907.46,826.6,256.38,162.4,56.92,86.04,154.17,59.77,75.02,78,168.31,97.21
69921,VICTORIA,WEST,BC,958,4808.46,2070.92,3001.08,1807.38,780.04,313.58,140.75,104.77,81.65,169.62,55.38,62,85.08,175.38,87.96
69926,ABBOTSFORD,WEST,BC,455,1167.45,541.21,711.06,456.39,255.15,80.44,53.27,36.08,15.4,45.33,13.62,5.31,21.54,64.75,24.67
69975,ABBOTSFORD,WEST,BC,943,3502.71,1523.42,2102.39,1400.32,587.37,190.62,139.88,79.35,68.25,87.65,53.85,41.71,52.96,163.87,42.46
70007,SURREY,WEST,BC,822,3845.51,1705.46,2403.61,1441.9,671.81,327.67,135.79,77.81,58,113.23,35.85,30.1,49.87,165.54,64.21
72014,YORKTON,WEST,SK,885,7204.81,2950.17,4308.4,2896.41,945.63,387.77,168.52,78.81,76.4,149.96,122.85,62.31,107.46,328.94,205.4
74156,MOOSE JAW,WEST,SK,829,3418.26,1359.21,2036,1382.26,315.88,122.19,91.96,40.37,42.73,52.48,65.13,36.48,59.35,178.5,86.98
74485,REGINA,WEST,SK,910,4850.86,1987.58,2972.07,1878.79,559.6,308.58,126.29,79.37,56.75,115.77,70.67,48.56,44.38,216.17,113.58
74487,REGINA,WEST,SK,389,751.79,337.98,435.29,316.51,88.67,38.17,28,25.85,9.37,18.63,11.77,6.19,16.77,45.63,26.96
74511,SASKATOON,WEST,SK,406,2362.38,1077.9,1477.68,884.7,457.94,171.48,71.71,77.17,15.79,66.38,25.77,15.77,56.6,107.46,77.33
74642,NORTH BATTLEFORD,WEST,SK,917,14406.18,5888.46,8566.7,5839.48,1620.35,599.52,478.67,156.06,242.48,292.75,333.33,152.67,135,734.75,273.19
74977,SASKATOON,WEST,SK,959,5162.55,2170.44,3219.76,1942.78,762.4,332.98,136.73,116.37,78.44,148.12,60.46,64.54,78.38,196.38,89.9
77809,NISKU,WEST,AB,982,9964.61,4034.85,6114.22,3850.39,1249.54,750.94,300.87,139.6,128.1,239,148.23,79.13,159.06,467.98,191.12
77817,SHERWOOD PARK,WEST,AB,611,2055.39,856.67,1291.68,763.71,254.67,155.83,33.17,32.17,35,33.5,33.83,25.83,22.33,107.67,53.67
77829,CALGARY,WEST,AB,802,6319.84,2678.66,3929.99,2389.85,889.07,425.45,154.38,71.17,91.31,227.69,97.52,70.28,109.9,273,104.52
77831,EDMONTON,WEST,AB,916,5816.38,2378.4,3617.65,2198.73,809.37,499.75,161.56,83.5,65.23,161.98,67.27,60.25,88.15,253.77,107.92
77857,EDMONTON,WEST,AB,721,3758.83,1483.23,2405.21,1353.63,484.85,325.69,54.69,56.46,58,92.62,42.38,42.15,44.23,131.15,60.31
79696,SASKATOON,WEST,SK,344,824.1,387.54,512.96,311.14,165.06,65.85,26.96,35.46,1.79,21,9.71,6.71,15.02,39.85,21.52
79899,BATTLEFORD,WEST,SK,779,2846.59,1199.88,1701.04,1145.54,383.21,142.21,113.71,53.88,34.96,78.79,40.48,25.62,12.63,109.77,68.67
81162,CALGARY,WEST,AB,690,1823.16,796.29,1114.39,708.77,292.52,139.92,66.4,43.31,25.71,53.27,26.52,14.17,19.77,98.15,29.33
84325,JASPER,WEST,AB,900,5623.57,2212.17,3258.27,2365.31,687.54,233.58,165.96,59.04,89.58,118.06,93.9,71.96,99.12,340.44,91.73
84374,CALGARY,WEST,AB,328,769.17,375,462.2,306.97,164.25,64.13,46.33,32.31,4.12,20.04,15.06,5.67,16.25,46.13,23.54
84422,EDMONTON,WEST,AB,666,4537.62,1946.94,2760.86,1776.76,615,274.13,146.25,97.02,46.62,129.63,59.04,40.4,92.54,221.69,116.1
85384,EDMONTON,WEST,AB,684,2571.31,1145.88,1574.15,997.16,407.52,113.23,98.04,53.04,27.08,71.65,33.69,27.81,54.63,111.04,79.1
85415,AIRDRIE,WEST,AB,832,6650.36,2723.4,4025.58,2624.78,1049.19,491.13,202.42,119.79,126.69,174.46,75.13,65.13,89.12,243.37,153.04
85447,CALGARY,WEST,AB,859,7241.76,3093.63,4431.88,2809.87,1241.75,418.71,189.96,143.15,112.27,255.83,104.42,82.1,99.46,473.4,116.19
85449,CALGARY,WEST,AB,495,1929.83,868.37,1160.08,769.76,287.65,132.04,92.48,64.71,53.92,58.69,27.06,12.85,28.42,69.42,45.56
85468,CALGARY,WEST,AB,678,4313.78,1813.44,2663.68,1650.1,621.5,256.6,119.46,94.06,70.58,122.12,63.69,40.9,57.31,207.75,69.75
85490,CALGARY,WEST,AB,662,3796.49,1630.7,2314.09,1482.4,518.65,241,73.9,77.5,57.9,102.1,70.3,37.1,67.3,190,75.7
85527,CALGARY,WEST,AB,997,24686.72,9715.83,14228.89,10457.82,2980.79,872.33,681.56,308.27,381.96,516.56,439.06,360.19,336.73,1424.27,342.37
85529,CANMORE,WEST,AB,910,6465.41,2620.5,3661.9,2803.51,810.58,333.15,198.29,90.25,99.21,154.04,106.42,58.04,50.96,430.27,93
85541,MEDICINE HAT,WEST,AB,848,4407.85,1872.79,2677.42,1730.42,773.58,213.37,140.62,51.77,81.9,108.83,66.13,50.94,50.62,255.17,103.67
85618,ST. ALBERT,WEST,AB,948,6568.77,2732.92,4058.55,2510.23,873.29,457.69,169.33,110.73,101.96,148.54,81.25,71.63,101.19,284.17,115.85
85622,RED DEER,WEST,AB,1004,8514.52,3494.94,5296.94,3217.58,1161.77,512.13,241.08,122.5,133.79,191.54,95.44,117.4,156.23,323.27,185.23
85646,RED DEER,WEST,AB,728,4219,1785.27,2441.03,1777.97,554.67,178.58,159.94,64.04,68.87,74.67,90.29,37.62,43.37,267.02,81.4
85649,HINTON,WEST,AB,972,12889.77,4936.63,7513.47,5376.3,1512.94,707.81,316.33,131.15,195.71,273.37,210.1,128.27,218.48,659.1,208.27
85948,EDMONTON,WEST,AB,692,2701.29,1223.31,1658.07,1043.21,456.31,203.62,118.75,75.75,34.29,64.69,34.46,16.13,32.06,126.1,71.63
85964,EDMONTON,WEST,AB,946,6685.68,2795.35,4152.12,2533.56,810.79,378.58,153.56,99,106.08,139.02,97.98,81.9,124.08,223.04,136
85965,EDMONTON,WEST,AB,984,9303.59,3906.62,5810.35,3493.24,1271.98,508.15,261.02,118.54,135.88,200.37,144.54,139.58,133.73,309.17,174.52
85986,EDMONTON,WEST,AB,604,4186.98,1819.48,2532.03,1654.95,527.94,255.27,145.52,90.98,54.19,114.54,55.88,42.56,52.33,226,94.19
87611,LETHBRIDGE,WEST,AB,831,2039.04,857.31,1229.2,809.84,330.43,134.39,53.12,37.06,31.18,47.24,32.94,20.53,28.27,107.22,47.82
87672,CALGARY,WEST,AB,754,6002.7,2668.96,3734.16,2268.54,1122.4,431.19,194.71,191.5,97.13,186.31,87.06,59.12,95.83,229.15,120.63
89180,SHERWOOD PARK,WEST,AB,625,3977.68,1709.6,2465.12,1512.56,640.69,315.04,141.5,108.94,38.19,117.17,34.5,36.4,73.52,177.23,80.29
89323,CALGARY,WEST,AB,925,6824.46,2943.25,4186.57,2637.89,923,342.77,228.21,112.62,107.04,168.25,139.19,88.77,95.92,266.56,130.58
89449,LETHBRIDGE,WEST,AB,910,6209.26,2666.08,3921.52,2287.73,870.6,312.56,248.6,107.02,99.63,113,104.58,96.17,69.77,185.6,133.46
89494,EDMONTON,WEST,AB,989,7203.22,3067.16,4435.85,2767.37,884.51,366.57,219.31,108.02,91.59,178.2,119.43,104.53,135.61,273.51,142.49
89508,CALGARY,WEST,AB,882,1903.97,800.27,1166.68,737.29,269.83,131.33,60.52,35.1,24.73,48.15,27.13,24.83,34.15,74.37,36.13
91191,RICHMOND,WEST,BC,336,615.24,304.12,371.31,243.92,116.6,37.73,30.15,19.69,0.31,29.79,11.94,2.52,13.6,39.87,8.63
91192,VANCOUVER,WEST,BC,340,832.87,420.29,499.22,333.65,151.88,44.63,36.1,27.35,3.94,29.31,18.6,3.96,21.52,52.71,18.4
91193,VICTORIA,WEST,BC,527,1583.38,715.64,981.14,602.24,270.38,101.72,44.02,31.23,10.89,53.64,26.32,13.72,32.94,59.98,24.09
91200,VICTORIA,WEST,BC,490,1880.01,878.82,1168.51,711.5,306.22,107.35,74.1,48.24,24.45,59.02,30.92,14.73,36.27,85.65,44.86
91203,NORTH VANCOUVER,WEST,BC,493,1658.69,784.42,981.66,677.03,240.48,93.83,63.31,53.96,17.62,67.85,29.29,9.21,33.42,92.58,20.27
91214,HOPE,WEST,BC,773,3124.94,1410.33,1854.07,1270.87,610.29,123.71,135.6,51.92,69.44,70.96,56.98,30.73,41.79,232.56,45.71
91215,VANCOUVER,WEST,BC,734,2082.79,946.48,1249.74,833.06,308.52,105.44,72.62,46.87,27,69.85,36.88,15.94,29.81,119.21,29.44
91226,PORT ALBERNI,WEST,BC,985,6216.88,2540.29,3762.04,2454.84,782.6,235.33,175.29,85.5,85.04,181.46,119.48,88,102.65,247.46,89.73
91227,SURREY,WEST,BC,910,2541.72,1119.13,1563.37,978.35,467.63,176.69,108.94,60.69,40.62,70.54,37,27.67,34.17,92.44,32.6
91244,CAMPBELL RIVER,WEST,BC,860,3366.81,1466.69,2109.43,1257.37,461.44,229.19,106.71,62.37,40.56,83.73,65.37,28.37,67.81,131.65,44.56
91280,VICTORIA,WEST,BC,808,2458.16,1117.44,1499.78,958.38,346.31,137.29,94.67,62.19,29.9,70.62,39.29,22.85,40.19,78.73,41.12
91298,COURTENAY,WEST,BC,939,3821.16,1643.88,2400.42,1420.75,579.85,213.88,132.44,62.25,53.1,103.58,58.4,46.98,61.83,166.52,52.17
91316,WHITE ROCK,WEST,BC,486,892.82,409.54,539.06,353.76,156.83,77.19,33.75,24.31,8.12,36.56,10.27,5.67,22.21,44.31,7.27
91324,COQUITLAM,WEST,BC,756,3197.3,1429.52,1948.96,1248.35,509.79,224.98,98.92,57.87,41,112.52,50.56,18.04,49.25,169.54,39.04
91326,VERNON,WEST,BC,709,3810.5,1614.98,2254.93,1555.57,628.98,275.65,118.54,76.69,48.62,126.15,41.87,27.06,41.63,217.38,52.85
91329,VICTORIA,WEST,BC,708,1377.88,617.85,839.45,538.43,190.04,89.35,52.75,39.37,18.96,43.15,24.27,11.38,21.25,53.71,15.79
91340,VANCOUVER,WEST,BC,861,2552.91,1144.08,1521.09,1031.82,341.63,127.77,99.13,55.67,42.21,74.9,45.4,24.37,58.48,123,32.92
91361,PRINCE GEORGE,WEST,BC,972,7074.91,2907.37,4389.58,2685.33,1142.44,490.46,203.19,120.52,112.27,167.79,87.5,113.98,105.87,167.04,133.37
91391,NEW WESTMINSTER,WEST,BC,834,7810.2,3385.25,4681.69,3128.51,1237.73,550.69,273.62,145.65,80.9,209.5,137.75,51,134.67,327.48,108.88
91397,COQUITLAM,WEST,BC,723,1896.82,836.75,1148.81,748.01,273.08,117.83,64.96,43.31,30.4,70.13,24.6,12.15,34.73,84.9,26.75
91404,NORTH VANCOUVER,WEST,BC,841,8143.33,3493.31,5001.97,3141.36,1020.83,343.94,209.88,111.79,143.42,262.06,144.35,102.5,117.42,405.79,124.77
91417,TSAWWASSEN,WEST,BC,297,593.52,295.19,368.81,224.71,137.63,47.31,20.87,24.23,0,25.21,13.17,0.08,15.37,37.19,15.35
91437,RICHMOND,WEST,BC,826,1574.4,715.48,961.67,612.73,260.62,87.52,60.19,43.5,20.73,50,25.9,12.88,23.48,89.21,18.19
91445,RICHMOND,WEST,BC,810,2098.29,933.44,1283.22,815.07,342.27,108.88,77.21,40.62,28.33,58.23,31.17,19.23,34.81,131.77,29.69
91450,NANAIMO,WEST,BC,529,773.52,370.12,481.93,291.59,165.54,49.88,31.13,19.06,8.81,23.81,6.23,6.77,15.19,45.92,15.12
91685,SORRENTO,WEST,BC,665,2941.21,1240.13,1764.38,1176.83,485.65,198.15,77.73,48.69,56.79,80.27,43.08,22.42,39.06,156.87,48.92
91762,VANCOUVER,WEST,BC,512,1247.6,564.48,735.95,511.65,156.71,77.69,35.63,42.56,19.52,40.21,18.1,7.88,19.4,73.67,20.65
91888,VICTORIA,WEST,BC,641,1865.07,868.96,1148.01,717.06,342.67,126.08,56.83,64.71,13.67,75.48,34.73,9.62,30.06,83.35,42.12
91890,CALGARY,WEST,AB,742,2883.32,1294.69,1786.96,1096.36,517.54,214.25,144.96,79.27,32.4,74.31,37.54,24.31,50.42,133.96,51.29
91946,VALEMOUNT,WEST,BC,1089,15618.66,6275.65,9200.99,6417.67,2270,637.02,548.4,150.35,258.19,305.75,184.77,198.42,306.4,792.15,203.65
92110,CAMPBELL RIVER,WEST,BC,660,2273.07,1017.58,1405.32,867.75,326.63,152.12,62.5,57.06,48.81,65,22.12,16.52,51.31,65.15,41.9
92523,VANCOUVER,WEST,BC,322,1277.73,595.9,777.44,500.3,183.63,62.96,55.96,35.15,0,30.1,30.88,7.46,34.31,73.29,23.37
92529,PORT MOODY,WEST,BC,842,3174.81,1388.42,1931.95,1242.86,480.58,216.12,82.27,66.06,48.6,98.29,45.58,25.06,46.98,161.81,47.25
92557,DELTA,WEST,BC,797,2333.66,1027.71,1413.65,920.01,407.77,134.63,107.5,52.96,37.79,65.88,29.6,19.35,30.77,86.02,32.75
92564,SURREY,WEST,BC,881,2937.11,1264.23,1771.7,1165.4,483.44,193.96,84.4,72.19,47.17,75.92,42.46,29.13,54.62,128.98,35.69
92575,VICTORIA,WEST,BC,822,5197.96,2235.63,3093.26,2104.7,746.08,266.77,179,94.56,96.04,172.46,112.17,66.54,92.4,230.58,71.15
92576,VANCOUVER,WEST,BC,1015,8486.7,3814.65,5140.91,3345.79,1226.87,347.75,356.6,159.81,148.83,238.42,168,99.44,126.88,425.58,108.62
92579,NORTH VANCOUVER,WEST,BC,948,7210.76,3099.81,4439.82,2770.94,893.04,422.73,199.79,101.37,84.88,233.44,136.02,54.31,117.54,353.42,97.17
92580,VANCOUVER,WEST,BC,614,2018.95,939.65,1224.43,794.52,358.67,116.04,88.87,51.44,17.27,59.52,32.19,13.96,40.79,117.25,37.58
92583,VANCOUVER,WEST,BC,614,1940.79,875.77,1167.63,773.17,272.02,105.54,70.56,51.25,23.98,65.9,29.92,14.63,24.42,116.15,26.04
92586,VANCOUVER,WEST,BC,379,608.04,295.62,361.08,246.96,110.25,33.27,27.42,21.75,0.9,20.06,9.87,3.6,17,52.38,10.69
92589,PRINCETON,WEST,BC,904,5182.48,2323.46,3180.24,2002.24,1088.19,313,209.67,75.35,58.54,165.65,97.6,36.06,84.77,255.46,105.79
92591,BURNABY,WEST,BC,872,3954.78,1748.5,2426.27,1528.51,617.29,324.25,121.67,84.77,46.94,117.81,63.06,24.6,45.35,183.83,50.17
94285,UNKNOWN,QUEBEC,UNKNOWN,343,1121.61,534.63,678.85,442.75,168.93,90.44,43,40.19,0.74,34.22,22.07,3.15,32.93,49,18
95198,SOOKE,WEST,BC,707,2910.59,1305.92,1777.54,1133.05,401.46,151.17,122.63,51.46,51.12,85.21,46.25,30.15,74.52,110.79,43.27
95342,MAPLE RIDGE,WEST,BC,711,1786.36,789.38,1088.62,697.74,352.19,130.87,70.83,46.5,22.69,52.69,19.02,14.58,22.52,73.54,32.15
95849,VANCOUVER,WEST,BC,444,1497.23,703.52,902.25,594.97,256.42,81.98,66.71,29.29,18.42,72.29,24.83,7.6,26.6,86.15,24.88
97250,WINNIPEG,WEST,MB,723,2093.18,928.54,1325.07,768.11,438.96,113.96,72.38,38.17,31.48,68.37,30,27.44,38.67,93.1,59.35
98788,VANCOUVER,WEST,BC,885,3753.52,1644.13,2245.66,1507.87,451.71,207.17,118.27,86.92,52.98,105.87,68.38,38.83,47.79,195.31,37.75
